model_name,instance_id,instance_size,problem_type,depot_type,vehicle_type,run_id,total_cost,total_distance,runtime_seconds,feasibility,constraint_violation_rate,time_window_violations,otd_benchmark,vehicle_utilization,demand_fulfillment,n_rutas,n_reparadas_dedicadas,error_message,status
DSS,twvrp_50_single_depot__0,50,TWCVRP,single_depot,multi_vehicle,0,10205.9852,10198.4108,8.012,1.0,0.0,0,1.0,0.797,1.0,15,0,,success
DSS,twvrp_50_single_depot__0,50,TWCVRP,single_depot,multi_vehicle,1,10205.8665,10198.4108,8.012,1.0,0.0,0,1.0,0.797,1.0,15,0,,success
DSS,twvrp_50_single_depot__0,50,TWCVRP,single_depot,multi_vehicle,2,10206.2049,10198.4108,8.012,1.0,0.0,0,1.0,0.797,1.0,15,0,,success
DSS,twvrp_50_single_depot__0,50,TWCVRP,single_depot,multi_vehicle,3,10205.1957,10198.4108,8.012,1.0,0.0,0,1.0,0.797,1.0,15,0,,success
DSS,twvrp_50_single_depot__0,50,TWCVRP,single_depot,multi_vehicle,4,10205.531,10198.4108,8.012,1.0,0.0,0,1.0,0.797,1.0,15,0,,success
or-tools-tw,twvrp_50_single_depot__0,50,TWCVRP,single_depot,multi_vehicle,0,10134.4294,10126.9584,8.0014,1.0,0.0,0,1.0,0.8539,1.0,14,0,,success
or-tools-tw,twvrp_50_single_depot__0,50,TWCVRP,single_depot,multi_vehicle,1,10134.5133,10126.9584,8.0014,1.0,0.0,0,1.0,0.8539,1.0,14,0,,success
or-tools-tw,twvrp_50_single_depot__0,50,TWCVRP,single_depot,multi_vehicle,2,10134.8239,10126.9584,8.0014,1.0,0.0,0,1.0,0.8539,1.0,14,0,,success
or-tools-tw,twvrp_50_single_depot__0,50,TWCVRP,single_depot,multi_vehicle,3,10133.7537,10126.9584,8.0014,1.0,0.0,0,1.0,0.8539,1.0,14,0,,success
or-tools-tw,twvrp_50_single_depot__0,50,TWCVRP,single_depot,multi_vehicle,4,10134.2156,10126.9584,8.0014,1.0,0.0,0,1.0,0.8539,1.0,14,0,,success
or-tools,twvrp_50_single_depot__0,50,TWCVRP,single_depot,multi_vehicle,0,17297.0704,17287.4759,0.0264,1.0,0.0,0,1.0,0.4598,1.0,26,0,,success
or-tools,twvrp_50_single_depot__0,50,TWCVRP,single_depot,multi_vehicle,1,17297.1616,17287.4759,0.0264,1.0,0.0,0,1.0,0.4598,1.0,26,0,,success
or-tools,twvrp_50_single_depot__0,50,TWCVRP,single_depot,multi_vehicle,2,17297.4823,17287.4759,0.0264,1.0,0.0,0,1.0,0.4598,1.0,26,0,,success
or-tools,twvrp_50_single_depot__0,50,TWCVRP,single_depot,multi_vehicle,3,17296.1774,17287.4759,0.0264,1.0,0.0,0,1.0,0.4598,1.0,26,0,,success
or-tools,twvrp_50_single_depot__0,50,TWCVRP,single_depot,multi_vehicle,4,17296.5098,17287.4759,0.0264,1.0,0.0,0,1.0,0.4598,1.0,26,0,,success
nn2opt,twvrp_50_single_depot__0,50,TWCVRP,single_depot,multi_vehicle,0,17297.0704,17287.4759,0.0091,1.0,0.0,0,1.0,0.4598,1.0,26,0,,success
nn2opt,twvrp_50_single_depot__0,50,TWCVRP,single_depot,multi_vehicle,1,17297.1616,17287.4759,0.0091,1.0,0.0,0,1.0,0.4598,1.0,26,0,,success
nn2opt,twvrp_50_single_depot__0,50,TWCVRP,single_depot,multi_vehicle,2,17297.4823,17287.4759,0.0091,1.0,0.0,0,1.0,0.4598,1.0,26,0,,success
nn2opt,twvrp_50_single_depot__0,50,TWCVRP,single_depot,multi_vehicle,3,17296.1774,17287.4759,0.0091,1.0,0.0,0,1.0,0.4598,1.0,26,0,,success
nn2opt,twvrp_50_single_depot__0,50,TWCVRP,single_depot,multi_vehicle,4,17296.5098,17287.4759,0.0091,1.0,0.0,0,1.0,0.4598,1.0,26,0,,success
DSS,twvrp_50_single_depot__1,50,TWCVRP,single_depot,multi_vehicle,0,10946.2757,10938.3142,8.0055,0.0,2.1277,1,0.9787,0.8118,1.0,16,1,,success
DSS,twvrp_50_single_depot__1,50,TWCVRP,single_depot,multi_vehicle,1,10946.0225,10938.3142,8.0055,0.0,2.1277,1,0.9787,0.8118,1.0,16,1,,success
DSS,twvrp_50_single_depot__1,50,TWCVRP,single_depot,multi_vehicle,2,10946.0535,10938.3142,8.0055,0.0,2.1277,1,0.9787,0.8118,1.0,16,1,,success
DSS,twvrp_50_single_depot__1,50,TWCVRP,single_depot,multi_vehicle,3,10945.5058,10938.3142,8.0055,0.0,2.1277,1,0.9787,0.8118,1.0,16,1,,success
DSS,twvrp_50_single_depot__1,50,TWCVRP,single_depot,multi_vehicle,4,10945.9121,10938.3142,8.0055,0.0,2.1277,1,0.9787,0.8118,1.0,16,1,,success
or-tools-tw,twvrp_50_single_depot__1,50,TWCVRP,single_depot,multi_vehicle,0,10991.4263,10983.562,8.0009,0.0,2.1277,1,0.9787,0.8659,1.0,15,1,,success
or-tools-tw,twvrp_50_single_depot__1,50,TWCVRP,single_depot,multi_vehicle,1,10991.2925,10983.562,8.0009,0.0,2.1277,1,0.9787,0.8659,1.0,15,1,,success
or-tools-tw,twvrp_50_single_depot__1,50,TWCVRP,single_depot,multi_vehicle,2,10991.4152,10983.562,8.0009,0.0,2.1277,1,0.9787,0.8659,1.0,15,1,,success
or-tools-tw,twvrp_50_single_depot__1,50,TWCVRP,single_depot,multi_vehicle,3,10990.9028,10983.562,8.0009,0.0,2.1277,1,0.9787,0.8659,1.0,15,1,,success
or-tools-tw,twvrp_50_single_depot__1,50,TWCVRP,single_depot,multi_vehicle,4,10991.2311,10983.562,8.0009,0.0,2.1277,1,0.9787,0.8659,1.0,15,1,,success
or-tools,twvrp_50_single_depot__1,50,TWCVRP,single_depot,multi_vehicle,0,19039.1802,19028.5724,0.0253,0.0,2.1277,1,0.9787,0.4479,1.0,29,0,,success
or-tools,twvrp_50_single_depot__1,50,TWCVRP,single_depot,multi_vehicle,1,19038.5491,19028.5724,0.0253,0.0,2.1277,1,0.9787,0.4479,1.0,29,0,,success
or-tools,twvrp_50_single_depot__1,50,TWCVRP,single_depot,multi_vehicle,2,19038.8715,19028.5724,0.0253,0.0,2.1277,1,0.9787,0.4479,1.0,29,0,,success
or-tools,twvrp_50_single_depot__1,50,TWCVRP,single_depot,multi_vehicle,3,19038.3297,19028.5724,0.0253,0.0,2.1277,1,0.9787,0.4479,1.0,29,0,,success
or-tools,twvrp_50_single_depot__1,50,TWCVRP,single_depot,multi_vehicle,4,19038.4801,19028.5724,0.0253,0.0,2.1277,1,0.9787,0.4479,1.0,29,0,,success
nn2opt,twvrp_50_single_depot__1,50,TWCVRP,single_depot,multi_vehicle,0,19039.1802,19028.5724,0.009,0.0,2.1277,1,0.9787,0.4479,1.0,29,0,,success
nn2opt,twvrp_50_single_depot__1,50,TWCVRP,single_depot,multi_vehicle,1,19038.5491,19028.5724,0.009,0.0,2.1277,1,0.9787,0.4479,1.0,29,0,,success
nn2opt,twvrp_50_single_depot__1,50,TWCVRP,single_depot,multi_vehicle,2,19038.8715,19028.5724,0.009,0.0,2.1277,1,0.9787,0.4479,1.0,29,0,,success
nn2opt,twvrp_50_single_depot__1,50,TWCVRP,single_depot,multi_vehicle,3,19038.3297,19028.5724,0.009,0.0,2.1277,1,0.9787,0.4479,1.0,29,0,,success
nn2opt,twvrp_50_single_depot__1,50,TWCVRP,single_depot,multi_vehicle,4,19038.4801,19028.5724,0.009,0.0,2.1277,1,0.9787,0.4479,1.0,29,0,,success
DSS,twvrp_50_single_depot__2,50,TWCVRP,single_depot,multi_vehicle,0,10138.6675,10131.5621,8.0053,1.0,0.0,0,1.0,0.7838,1.0,14,0,,success
DSS,twvrp_50_single_depot__2,50,TWCVRP,single_depot,multi_vehicle,1,10138.7943,10131.5621,8.0053,1.0,0.0,0,1.0,0.7838,1.0,14,0,,success
DSS,twvrp_50_single_depot__2,50,TWCVRP,single_depot,multi_vehicle,2,10138.922,10131.5621,8.0053,1.0,0.0,0,1.0,0.7838,1.0,14,0,,success
DSS,twvrp_50_single_depot__2,50,TWCVRP,single_depot,multi_vehicle,3,10139.3362,10131.5621,8.0053,1.0,0.0,0,1.0,0.7838,1.0,14,0,,success
DSS,twvrp_50_single_depot__2,50,TWCVRP,single_depot,multi_vehicle,4,10137.9286,10131.5621,8.0053,1.0,0.0,0,1.0,0.7838,1.0,14,0,,success
or-tools-tw,twvrp_50_single_depot__2,50,TWCVRP,single_depot,multi_vehicle,0,10164.2012,10157.0904,8.0008,1.0,0.0,0,1.0,0.7838,1.0,14,0,,success
or-tools-tw,twvrp_50_single_depot__2,50,TWCVRP,single_depot,multi_vehicle,1,10164.3156,10157.0904,8.0008,1.0,0.0,0,1.0,0.7838,1.0,14,0,,success
or-tools-tw,twvrp_50_single_depot__2,50,TWCVRP,single_depot,multi_vehicle,2,10164.3971,10157.0904,8.0008,1.0,0.0,0,1.0,0.7838,1.0,14,0,,success
or-tools-tw,twvrp_50_single_depot__2,50,TWCVRP,single_depot,multi_vehicle,3,10164.7858,10157.0904,8.0008,1.0,0.0,0,1.0,0.7838,1.0,14,0,,success
or-tools-tw,twvrp_50_single_depot__2,50,TWCVRP,single_depot,multi_vehicle,4,10163.3762,10157.0904,8.0008,1.0,0.0,0,1.0,0.7838,1.0,14,0,,success
or-tools,twvrp_50_single_depot__2,50,TWCVRP,single_depot,multi_vehicle,0,17661.5623,17652.2017,0.0471,1.0,0.0,0,1.0,0.3919,1.0,28,0,,success
or-tools,twvrp_50_single_depot__2,50,TWCVRP,single_depot,multi_vehicle,1,17662.0001,17652.2017,0.0471,1.0,0.0,0,1.0,0.3919,1.0,28,0,,success
or-tools,twvrp_50_single_depot__2,50,TWCVRP,single_depot,multi_vehicle,2,17662.2541,17652.2017,0.0471,1.0,0.0,0,1.0,0.3919,1.0,28,0,,success
or-tools,twvrp_50_single_depot__2,50,TWCVRP,single_depot,multi_vehicle,3,17662.4822,17652.2017,0.0471,1.0,0.0,0,1.0,0.3919,1.0,28,0,,success
or-tools,twvrp_50_single_depot__2,50,TWCVRP,single_depot,multi_vehicle,4,17661.0774,17652.2017,0.0471,1.0,0.0,0,1.0,0.3919,1.0,28,0,,success
nn2opt,twvrp_50_single_depot__2,50,TWCVRP,single_depot,multi_vehicle,0,17661.5623,17652.2017,0.0092,1.0,0.0,0,1.0,0.3919,1.0,28,0,,success
nn2opt,twvrp_50_single_depot__2,50,TWCVRP,single_depot,multi_vehicle,1,17662.0001,17652.2017,0.0092,1.0,0.0,0,1.0,0.3919,1.0,28,0,,success
nn2opt,twvrp_50_single_depot__2,50,TWCVRP,single_depot,multi_vehicle,2,17662.2541,17652.2017,0.0092,1.0,0.0,0,1.0,0.3919,1.0,28,0,,success
nn2opt,twvrp_50_single_depot__2,50,TWCVRP,single_depot,multi_vehicle,3,17662.4822,17652.2017,0.0092,1.0,0.0,0,1.0,0.3919,1.0,28,0,,success
nn2opt,twvrp_50_single_depot__2,50,TWCVRP,single_depot,multi_vehicle,4,17661.0774,17652.2017,0.0092,1.0,0.0,0,1.0,0.3919,1.0,28,0,,success
DSS,twvrp_50_single_depot__3,50,TWCVRP,single_depot,multi_vehicle,0,9996.0002,9988.6213,8.0103,1.0,0.0,0,1.0,0.7838,1.0,14,0,,success
DSS,twvrp_50_single_depot__3,50,TWCVRP,single_depot,multi_vehicle,1,9995.9076,9988.6213,8.0103,1.0,0.0,0,1.0,0.7838,1.0,14,0,,success
DSS,twvrp_50_single_depot__3,50,TWCVRP,single_depot,multi_vehicle,2,9995.7015,9988.6213,8.0103,1.0,0.0,0,1.0,0.7838,1.0,14,0,,success
DSS,twvrp_50_single_depot__3,50,TWCVRP,single_depot,multi_vehicle,3,9995.9712,9988.6213,8.0103,1.0,0.0,0,1.0,0.7838,1.0,14,0,,success
DSS,twvrp_50_single_depot__3,50,TWCVRP,single_depot,multi_vehicle,4,9996.456,9988.6213,8.0103,1.0,0.0,0,1.0,0.7838,1.0,14,0,,success
or-tools-tw,twvrp_50_single_depot__3,50,TWCVRP,single_depot,multi_vehicle,0,9942.8421,9935.4446,8.0009,1.0,0.0,0,1.0,0.7838,1.0,14,0,,success
or-tools-tw,twvrp_50_single_depot__3,50,TWCVRP,single_depot,multi_vehicle,1,9942.6453,9935.4446,8.0009,1.0,0.0,0,1.0,0.7838,1.0,14,0,,success
or-tools-tw,twvrp_50_single_depot__3,50,TWCVRP,single_depot,multi_vehicle,2,9942.6269,9935.4446,8.0009,1.0,0.0,0,1.0,0.7838,1.0,14,0,,success
or-tools-tw,twvrp_50_single_depot__3,50,TWCVRP,single_depot,multi_vehicle,3,9942.954,9935.4446,8.0009,1.0,0.0,0,1.0,0.7838,1.0,14,0,,success
or-tools-tw,twvrp_50_single_depot__3,50,TWCVRP,single_depot,multi_vehicle,4,9943.2097,9935.4446,8.0009,1.0,0.0,0,1.0,0.7838,1.0,14,0,,success
or-tools,twvrp_50_single_depot__3,50,TWCVRP,single_depot,multi_vehicle,0,18441.0565,18431.2635,0.0257,1.0,0.0,0,1.0,0.3784,1.0,29,0,,success
or-tools,twvrp_50_single_depot__3,50,TWCVRP,single_depot,multi_vehicle,1,18441.2543,18431.2635,0.0257,1.0,0.0,0,1.0,0.3784,1.0,29,0,,success
or-tools,twvrp_50_single_depot__3,50,TWCVRP,single_depot,multi_vehicle,2,18440.8251,18431.2635,0.0257,1.0,0.0,0,1.0,0.3784,1.0,29,0,,success
or-tools,twvrp_50_single_depot__3,50,TWCVRP,single_depot,multi_vehicle,3,18440.9446,18431.2635,0.0257,1.0,0.0,0,1.0,0.3784,1.0,29,0,,success
or-tools,twvrp_50_single_depot__3,50,TWCVRP,single_depot,multi_vehicle,4,18441.2068,18431.2635,0.0257,1.0,0.0,0,1.0,0.3784,1.0,29,0,,success
nn2opt,twvrp_50_single_depot__3,50,TWCVRP,single_depot,multi_vehicle,0,18441.0565,18431.2635,0.009,1.0,0.0,0,1.0,0.3784,1.0,29,0,,success
nn2opt,twvrp_50_single_depot__3,50,TWCVRP,single_depot,multi_vehicle,1,18441.2543,18431.2635,0.009,1.0,0.0,0,1.0,0.3784,1.0,29,0,,success
nn2opt,twvrp_50_single_depot__3,50,TWCVRP,single_depot,multi_vehicle,2,18440.8251,18431.2635,0.009,1.0,0.0,0,1.0,0.3784,1.0,29,0,,success
nn2opt,twvrp_50_single_depot__3,50,TWCVRP,single_depot,multi_vehicle,3,18440.9446,18431.2635,0.009,1.0,0.0,0,1.0,0.3784,1.0,29,0,,success
nn2opt,twvrp_50_single_depot__3,50,TWCVRP,single_depot,multi_vehicle,4,18441.2068,18431.2635,0.009,1.0,0.0,0,1.0,0.3784,1.0,29,0,,success
DSS,twvrp_50_single_depot__4,50,TWCVRP,single_depot,multi_vehicle,0,10171.4312,10163.7051,8.009,1.0,0.0,0,1.0,0.797,1.0,15,0,,success
DSS,twvrp_50_single_depot__4,50,TWCVRP,single_depot,multi_vehicle,1,10170.6798,10163.7051,8.009,1.0,0.0,0,1.0,0.797,1.0,15,0,,success
DSS,twvrp_50_single_depot__4,50,TWCVRP,single_depot,multi_vehicle,2,10171.1932,10163.7051,8.009,1.0,0.0,0,1.0,0.797,1.0,15,0,,success
DSS,twvrp_50_single_depot__4,50,TWCVRP,single_depot,multi_vehicle,3,10170.6591,10163.7051,8.009,1.0,0.0,0,1.0,0.797,1.0,15,0,,success
DSS,twvrp_50_single_depot__4,50,TWCVRP,single_depot,multi_vehicle,4,10171.1545,10163.7051,8.009,1.0,0.0,0,1.0,0.797,1.0,15,0,,success
or-tools-tw,twvrp_50_single_depot__4,50,TWCVRP,single_depot,multi_vehicle,0,10124.1862,10116.4176,8.0009,1.0,0.0,0,1.0,0.797,1.0,15,0,,success
or-tools-tw,twvrp_50_single_depot__4,50,TWCVRP,single_depot,multi_vehicle,1,10123.4491,10116.4176,8.0009,1.0,0.0,0,1.0,0.797,1.0,15,0,,success
or-tools-tw,twvrp_50_single_depot__4,50,TWCVRP,single_depot,multi_vehicle,2,10123.9299,10116.4176,8.0009,1.0,0.0,0,1.0,0.797,1.0,15,0,,success
or-tools-tw,twvrp_50_single_depot__4,50,TWCVRP,single_depot,multi_vehicle,3,10123.4092,10116.4176,8.0009,1.0,0.0,0,1.0,0.797,1.0,15,0,,success
or-tools-tw,twvrp_50_single_depot__4,50,TWCVRP,single_depot,multi_vehicle,4,10123.9599,10116.4176,8.0009,1.0,0.0,0,1.0,0.797,1.0,15,0,,success
or-tools,twvrp_50_single_depot__4,50,TWCVRP,single_depot,multi_vehicle,0,18723.0131,18712.6513,0.0263,1.0,0.0,0,1.0,0.4122,1.0,29,0,,success
or-tools,twvrp_50_single_depot__4,50,TWCVRP,single_depot,multi_vehicle,1,18722.1293,18712.6513,0.0263,1.0,0.0,0,1.0,0.4122,1.0,29,0,,success
or-tools,twvrp_50_single_depot__4,50,TWCVRP,single_depot,multi_vehicle,2,18722.2947,18712.6513,0.0263,1.0,0.0,0,1.0,0.4122,1.0,29,0,,success
or-tools,twvrp_50_single_depot__4,50,TWCVRP,single_depot,multi_vehicle,3,18721.9316,18712.6513,0.0263,1.0,0.0,0,1.0,0.4122,1.0,29,0,,success
or-tools,twvrp_50_single_depot__4,50,TWCVRP,single_depot,multi_vehicle,4,18722.3223,18712.6513,0.0263,1.0,0.0,0,1.0,0.4122,1.0,29,0,,success
nn2opt,twvrp_50_single_depot__4,50,TWCVRP,single_depot,multi_vehicle,0,18723.0131,18712.6513,0.0089,1.0,0.0,0,1.0,0.4122,1.0,29,0,,success
nn2opt,twvrp_50_single_depot__4,50,TWCVRP,single_depot,multi_vehicle,1,18722.1293,18712.6513,0.0089,1.0,0.0,0,1.0,0.4122,1.0,29,0,,success
nn2opt,twvrp_50_single_depot__4,50,TWCVRP,single_depot,multi_vehicle,2,18722.2947,18712.6513,0.0089,1.0,0.0,0,1.0,0.4122,1.0,29,0,,success
nn2opt,twvrp_50_single_depot__4,50,TWCVRP,single_depot,multi_vehicle,3,18721.9316,18712.6513,0.0089,1.0,0.0,0,1.0,0.4122,1.0,29,0,,success
nn2opt,twvrp_50_single_depot__4,50,TWCVRP,single_depot,multi_vehicle,4,18722.3223,18712.6513,0.0089,1.0,0.0,0,1.0,0.4122,1.0,29,0,,success
DSS,twvrp_50_single_depot__5,50,TWCVRP,single_depot,multi_vehicle,0,11036.3703,11028.5434,8.0051,1.0,0.0,0,1.0,0.8386,1.0,19,0,,success
DSS,twvrp_50_single_depot__5,50,TWCVRP,single_depot,multi_vehicle,1,11035.9281,11028.5434,8.0051,1.0,0.0,0,1.0,0.8386,1.0,19,0,,success
DSS,twvrp_50_single_depot__5,50,TWCVRP,single_depot,multi_vehicle,2,11035.78,11028.5434,8.0051,1.0,0.0,0,1.0,0.8386,1.0,19,0,,success
DSS,twvrp_50_single_depot__5,50,TWCVRP,single_depot,multi_vehicle,3,11036.1502,11028.5434,8.0051,1.0,0.0,0,1.0,0.8386,1.0,19,0,,success
DSS,twvrp_50_single_depot__5,50,TWCVRP,single_depot,multi_vehicle,4,11035.8148,11028.5434,8.0051,1.0,0.0,0,1.0,0.8386,1.0,19,0,,success
or-tools-tw,twvrp_50_single_depot__5,50,TWCVRP,single_depot,multi_vehicle,0,11063.2183,11055.4901,8.0013,1.0,0.0,0,1.0,0.8386,1.0,19,0,,success
or-tools-tw,twvrp_50_single_depot__5,50,TWCVRP,single_depot,multi_vehicle,1,11062.9301,11055.4901,8.0013,1.0,0.0,0,1.0,0.8386,1.0,19,0,,success
or-tools-tw,twvrp_50_single_depot__5,50,TWCVRP,single_depot,multi_vehicle,2,11062.5607,11055.4901,8.0013,1.0,0.0,0,1.0,0.8386,1.0,19,0,,success
or-tools-tw,twvrp_50_single_depot__5,50,TWCVRP,single_depot,multi_vehicle,3,11062.9536,11055.4901,8.0013,1.0,0.0,0,1.0,0.8386,1.0,19,0,,success
or-tools-tw,twvrp_50_single_depot__5,50,TWCVRP,single_depot,multi_vehicle,4,11062.6806,11055.4901,8.0013,1.0,0.0,0,1.0,0.8386,1.0,19,0,,success
or-tools,twvrp_50_single_depot__5,50,TWCVRP,single_depot,multi_vehicle,0,16141.9134,16132.7872,0.0279,1.0,0.0,0,1.0,0.569,1.0,28,0,,success
or-tools,twvrp_50_single_depot__5,50,TWCVRP,single_depot,multi_vehicle,1,16141.4283,16132.7872,0.0279,1.0,0.0,0,1.0,0.569,1.0,28,0,,success
or-tools,twvrp_50_single_depot__5,50,TWCVRP,single_depot,multi_vehicle,2,16141.4663,16132.7872,0.0279,1.0,0.0,0,1.0,0.569,1.0,28,0,,success
or-tools,twvrp_50_single_depot__5,50,TWCVRP,single_depot,multi_vehicle,3,16141.9027,16132.7872,0.0279,1.0,0.0,0,1.0,0.569,1.0,28,0,,success
or-tools,twvrp_50_single_depot__5,50,TWCVRP,single_depot,multi_vehicle,4,16141.2999,16132.7872,0.0279,1.0,0.0,0,1.0,0.569,1.0,28,0,,success
nn2opt,twvrp_50_single_depot__5,50,TWCVRP,single_depot,multi_vehicle,0,16141.9134,16132.7872,0.0097,1.0,0.0,0,1.0,0.569,1.0,28,0,,success
nn2opt,twvrp_50_single_depot__5,50,TWCVRP,single_depot,multi_vehicle,1,16141.4283,16132.7872,0.0097,1.0,0.0,0,1.0,0.569,1.0,28,0,,success
nn2opt,twvrp_50_single_depot__5,50,TWCVRP,single_depot,multi_vehicle,2,16141.4663,16132.7872,0.0097,1.0,0.0,0,1.0,0.569,1.0,28,0,,success
nn2opt,twvrp_50_single_depot__5,50,TWCVRP,single_depot,multi_vehicle,3,16141.9027,16132.7872,0.0097,1.0,0.0,0,1.0,0.569,1.0,28,0,,success
nn2opt,twvrp_50_single_depot__5,50,TWCVRP,single_depot,multi_vehicle,4,16141.2999,16132.7872,0.0097,1.0,0.0,0,1.0,0.569,1.0,28,0,,success
DSS,twvrp_50_single_depot__6,50,TWCVRP,single_depot,multi_vehicle,0,9081.8659,9075.434,8.0054,0.0,2.0,1,0.98,0.7125,1.0,14,0,,success
DSS,twvrp_50_single_depot__6,50,TWCVRP,single_depot,multi_vehicle,1,9081.7977,9075.434,8.0054,0.0,2.0,1,0.98,0.7125,1.0,14,0,,success
DSS,twvrp_50_single_depot__6,50,TWCVRP,single_depot,multi_vehicle,2,9082.0259,9075.434,8.0054,0.0,2.0,1,0.98,0.7125,1.0,14,0,,success
DSS,twvrp_50_single_depot__6,50,TWCVRP,single_depot,multi_vehicle,3,9082.1035,9075.434,8.0054,0.0,2.0,1,0.98,0.7125,1.0,14,0,,success
DSS,twvrp_50_single_depot__6,50,TWCVRP,single_depot,multi_vehicle,4,9082.0724,9075.434,8.0054,0.0,2.0,1,0.98,0.7125,1.0,14,0,,success
or-tools-tw,twvrp_50_single_depot__6,50,TWCVRP,single_depot,multi_vehicle,0,9055.8416,9049.4403,8.0012,0.0,2.0,1,0.98,0.7673,1.0,13,0,,success
or-tools-tw,twvrp_50_single_depot__6,50,TWCVRP,single_depot,multi_vehicle,1,9055.8637,9049.4403,8.0012,0.0,2.0,1,0.98,0.7673,1.0,13,0,,success
or-tools-tw,twvrp_50_single_depot__6,50,TWCVRP,single_depot,multi_vehicle,2,9056.0084,9049.4403,8.0012,0.0,2.0,1,0.98,0.7673,1.0,13,0,,success
or-tools-tw,twvrp_50_single_depot__6,50,TWCVRP,single_depot,multi_vehicle,3,9056.0316,9049.4403,8.0012,0.0,2.0,1,0.98,0.7673,1.0,13,0,,success
or-tools-tw,twvrp_50_single_depot__6,50,TWCVRP,single_depot,multi_vehicle,4,9056.3076,9049.4403,8.0012,0.0,2.0,1,0.98,0.7673,1.0,13,0,,success
or-tools,twvrp_50_single_depot__6,50,TWCVRP,single_depot,multi_vehicle,0,15127.7095,15119.5502,0.0289,1.0,0.0,0,1.0,0.4156,1.0,24,0,,success
or-tools,twvrp_50_single_depot__6,50,TWCVRP,single_depot,multi_vehicle,1,15127.9766,15119.5502,0.0289,1.0,0.0,0,1.0,0.4156,1.0,24,0,,success
or-tools,twvrp_50_single_depot__6,50,TWCVRP,single_depot,multi_vehicle,2,15127.8689,15119.5502,0.0289,1.0,0.0,0,1.0,0.4156,1.0,24,0,,success
or-tools,twvrp_50_single_depot__6,50,TWCVRP,single_depot,multi_vehicle,3,15128.0995,15119.5502,0.0289,1.0,0.0,0,1.0,0.4156,1.0,24,0,,success
or-tools,twvrp_50_single_depot__6,50,TWCVRP,single_depot,multi_vehicle,4,15127.8215,15119.5502,0.0289,1.0,0.0,0,1.0,0.4156,1.0,24,0,,success
nn2opt,twvrp_50_single_depot__6,50,TWCVRP,single_depot,multi_vehicle,0,15127.7095,15119.5502,0.0097,1.0,0.0,0,1.0,0.4156,1.0,24,0,,success
nn2opt,twvrp_50_single_depot__6,50,TWCVRP,single_depot,multi_vehicle,1,15127.9766,15119.5502,0.0097,1.0,0.0,0,1.0,0.4156,1.0,24,0,,success
nn2opt,twvrp_50_single_depot__6,50,TWCVRP,single_depot,multi_vehicle,2,15127.8689,15119.5502,0.0097,1.0,0.0,0,1.0,0.4156,1.0,24,0,,success
nn2opt,twvrp_50_single_depot__6,50,TWCVRP,single_depot,multi_vehicle,3,15128.0995,15119.5502,0.0097,1.0,0.0,0,1.0,0.4156,1.0,24,0,,success
nn2opt,twvrp_50_single_depot__6,50,TWCVRP,single_depot,multi_vehicle,4,15127.8215,15119.5502,0.0097,1.0,0.0,0,1.0,0.4156,1.0,24,0,,success
DSS,twvrp_50_single_depot__7,50,TWCVRP,single_depot,multi_vehicle,0,9545.385,9538.8147,8.0054,0.0,2.0,1,0.98,0.7851,1.0,14,1,,success
DSS,twvrp_50_single_depot__7,50,TWCVRP,single_depot,multi_vehicle,1,9546.0948,9538.8147,8.0054,0.0,2.0,1,0.98,0.7851,1.0,14,1,,success
DSS,twvrp_50_single_depot__7,50,TWCVRP,single_depot,multi_vehicle,2,9545.7401,9538.8147,8.0054,0.0,2.0,1,0.98,0.7851,1.0,14,1,,success
DSS,twvrp_50_single_depot__7,50,TWCVRP,single_depot,multi_vehicle,3,9545.7968,9538.8147,8.0054,0.0,2.0,1,0.98,0.7851,1.0,14,1,,success
DSS,twvrp_50_single_depot__7,50,TWCVRP,single_depot,multi_vehicle,4,9545.4646,9538.8147,8.0054,0.0,2.0,1,0.98,0.7851,1.0,14,1,,success
or-tools-tw,twvrp_50_single_depot__7,50,TWCVRP,single_depot,multi_vehicle,0,9308.9939,9302.8393,8.001,0.0,2.0,1,0.98,0.7851,1.0,14,1,,success
or-tools-tw,twvrp_50_single_depot__7,50,TWCVRP,single_depot,multi_vehicle,1,9309.777,9302.8393,8.001,0.0,2.0,1,0.98,0.7851,1.0,14,1,,success
or-tools-tw,twvrp_50_single_depot__7,50,TWCVRP,single_depot,multi_vehicle,2,9309.7234,9302.8393,8.001,0.0,2.0,1,0.98,0.7851,1.0,14,1,,success
or-tools-tw,twvrp_50_single_depot__7,50,TWCVRP,single_depot,multi_vehicle,3,9309.5155,9302.8393,8.001,0.0,2.0,1,0.98,0.7851,1.0,14,1,,success
or-tools-tw,twvrp_50_single_depot__7,50,TWCVRP,single_depot,multi_vehicle,4,9309.3057,9302.8393,8.001,0.0,2.0,1,0.98,0.7851,1.0,14,1,,success
or-tools,twvrp_50_single_depot__7,50,TWCVRP,single_depot,multi_vehicle,0,15770.7817,15762.1659,0.0281,0.0,2.0,1,0.98,0.4227,1.0,26,0,,success
or-tools,twvrp_50_single_depot__7,50,TWCVRP,single_depot,multi_vehicle,1,15771.484,15762.1659,0.0281,0.0,2.0,1,0.98,0.4227,1.0,26,0,,success
or-tools,twvrp_50_single_depot__7,50,TWCVRP,single_depot,multi_vehicle,2,15771.2602,15762.1659,0.0281,0.0,2.0,1,0.98,0.4227,1.0,26,0,,success
or-tools,twvrp_50_single_depot__7,50,TWCVRP,single_depot,multi_vehicle,3,15771.2021,15762.1659,0.0281,0.0,2.0,1,0.98,0.4227,1.0,26,0,,success
or-tools,twvrp_50_single_depot__7,50,TWCVRP,single_depot,multi_vehicle,4,15771.0913,15762.1659,0.0281,0.0,2.0,1,0.98,0.4227,1.0,26,0,,success
nn2opt,twvrp_50_single_depot__7,50,TWCVRP,single_depot,multi_vehicle,0,15770.7817,15762.1659,0.0099,0.0,2.0,1,0.98,0.4227,1.0,26,0,,success
nn2opt,twvrp_50_single_depot__7,50,TWCVRP,single_depot,multi_vehicle,1,15771.484,15762.1659,0.0099,0.0,2.0,1,0.98,0.4227,1.0,26,0,,success
nn2opt,twvrp_50_single_depot__7,50,TWCVRP,single_depot,multi_vehicle,2,15771.2602,15762.1659,0.0099,0.0,2.0,1,0.98,0.4227,1.0,26,0,,success
nn2opt,twvrp_50_single_depot__7,50,TWCVRP,single_depot,multi_vehicle,3,15771.2021,15762.1659,0.0099,0.0,2.0,1,0.98,0.4227,1.0,26,0,,success
nn2opt,twvrp_50_single_depot__7,50,TWCVRP,single_depot,multi_vehicle,4,15771.0913,15762.1659,0.0099,0.0,2.0,1,0.98,0.4227,1.0,26,0,,success
DSS,twvrp_50_single_depot__8,50,TWCVRP,single_depot,multi_vehicle,0,9583.6814,9576.9752,8.0054,1.0,0.0,0,1.0,0.8108,1.0,16,0,,success
DSS,twvrp_50_single_depot__8,50,TWCVRP,single_depot,multi_vehicle,1,9583.4576,9576.9752,8.0054,1.0,0.0,0,1.0,0.8108,1.0,16,0,,success
DSS,twvrp_50_single_depot__8,50,TWCVRP,single_depot,multi_vehicle,2,9583.8405,9576.9752,8.0054,1.0,0.0,0,1.0,0.8108,1.0,16,0,,success
DSS,twvrp_50_single_depot__8,50,TWCVRP,single_depot,multi_vehicle,3,9583.7399,9576.9752,8.0054,1.0,0.0,0,1.0,0.8108,1.0,16,0,,success
DSS,twvrp_50_single_depot__8,50,TWCVRP,single_depot,multi_vehicle,4,9583.9345,9576.9752,8.0054,1.0,0.0,0,1.0,0.8108,1.0,16,0,,success
or-tools-tw,twvrp_50_single_depot__8,50,TWCVRP,single_depot,multi_vehicle,0,9699.8314,9693.0522,8.0043,1.0,0.0,0,1.0,0.8648,1.0,15,0,,success
or-tools-tw,twvrp_50_single_depot__8,50,TWCVRP,single_depot,multi_vehicle,1,9699.7688,9693.0522,8.0043,1.0,0.0,0,1.0,0.8648,1.0,15,0,,success
or-tools-tw,twvrp_50_single_depot__8,50,TWCVRP,single_depot,multi_vehicle,2,9699.8141,9693.0522,8.0043,1.0,0.0,0,1.0,0.8648,1.0,15,0,,success
or-tools-tw,twvrp_50_single_depot__8,50,TWCVRP,single_depot,multi_vehicle,3,9699.9647,9693.0522,8.0043,1.0,0.0,0,1.0,0.8648,1.0,15,0,,success
or-tools-tw,twvrp_50_single_depot__8,50,TWCVRP,single_depot,multi_vehicle,4,9700.2025,9693.0522,8.0043,1.0,0.0,0,1.0,0.8648,1.0,15,0,,success
or-tools,twvrp_50_single_depot__8,50,TWCVRP,single_depot,multi_vehicle,0,14752.2482,14744.19,0.03,1.0,0.0,0,1.0,0.5189,1.0,25,0,,success
or-tools,twvrp_50_single_depot__8,50,TWCVRP,single_depot,multi_vehicle,1,14752.2812,14744.19,0.03,1.0,0.0,0,1.0,0.5189,1.0,25,0,,success
or-tools,twvrp_50_single_depot__8,50,TWCVRP,single_depot,multi_vehicle,2,14752.4533,14744.19,0.03,1.0,0.0,0,1.0,0.5189,1.0,25,0,,success
or-tools,twvrp_50_single_depot__8,50,TWCVRP,single_depot,multi_vehicle,3,14752.5036,14744.19,0.03,1.0,0.0,0,1.0,0.5189,1.0,25,0,,success
or-tools,twvrp_50_single_depot__8,50,TWCVRP,single_depot,multi_vehicle,4,14752.5281,14744.19,0.03,1.0,0.0,0,1.0,0.5189,1.0,25,0,,success
nn2opt,twvrp_50_single_depot__8,50,TWCVRP,single_depot,multi_vehicle,0,14752.2482,14744.19,0.0097,1.0,0.0,0,1.0,0.5189,1.0,25,0,,success
nn2opt,twvrp_50_single_depot__8,50,TWCVRP,single_depot,multi_vehicle,1,14752.2812,14744.19,0.0097,1.0,0.0,0,1.0,0.5189,1.0,25,0,,success
nn2opt,twvrp_50_single_depot__8,50,TWCVRP,single_depot,multi_vehicle,2,14752.4533,14744.19,0.0097,1.0,0.0,0,1.0,0.5189,1.0,25,0,,success
nn2opt,twvrp_50_single_depot__8,50,TWCVRP,single_depot,multi_vehicle,3,14752.5036,14744.19,0.0097,1.0,0.0,0,1.0,0.5189,1.0,25,0,,success
nn2opt,twvrp_50_single_depot__8,50,TWCVRP,single_depot,multi_vehicle,4,14752.5281,14744.19,0.0097,1.0,0.0,0,1.0,0.5189,1.0,25,0,,success
DSS,twvrp_50_single_depot__9,50,TWCVRP,single_depot,multi_vehicle,0,9397.2439,9390.3642,8.0053,1.0,0.0,0,1.0,0.8564,1.0,14,0,,success
DSS,twvrp_50_single_depot__9,50,TWCVRP,single_depot,multi_vehicle,1,9396.8651,9390.3642,8.0053,1.0,0.0,0,1.0,0.8564,1.0,14,0,,success
DSS,twvrp_50_single_depot__9,50,TWCVRP,single_depot,multi_vehicle,2,9396.9242,9390.3642,8.0053,1.0,0.0,0,1.0,0.8564,1.0,14,0,,success
DSS,twvrp_50_single_depot__9,50,TWCVRP,single_depot,multi_vehicle,3,9397.3882,9390.3642,8.0053,1.0,0.0,0,1.0,0.8564,1.0,14,0,,success
DSS,twvrp_50_single_depot__9,50,TWCVRP,single_depot,multi_vehicle,4,9396.7149,9390.3642,8.0053,1.0,0.0,0,1.0,0.8564,1.0,14,0,,success
or-tools-tw,twvrp_50_single_depot__9,50,TWCVRP,single_depot,multi_vehicle,0,9463.8293,9424.9806,8.0009,1.0,0.0,0,1.0,0.7993,1.0,15,0,,success
or-tools-tw,twvrp_50_single_depot__9,50,TWCVRP,single_depot,multi_vehicle,1,9431.8261,9424.9806,8.0009,1.0,0.0,0,1.0,0.7993,1.0,15,0,,success
or-tools-tw,twvrp_50_single_depot__9,50,TWCVRP,single_depot,multi_vehicle,2,9431.7288,9424.9806,8.0009,1.0,0.0,0,1.0,0.7993,1.0,15,0,,success
or-tools-tw,twvrp_50_single_depot__9,50,TWCVRP,single_depot,multi_vehicle,3,9432.3023,9424.9806,8.0009,1.0,0.0,0,1.0,0.7993,1.0,15,0,,success
or-tools-tw,twvrp_50_single_depot__9,50,TWCVRP,single_depot,multi_vehicle,4,9431.7321,9424.9806,8.0009,1.0,0.0,0,1.0,0.7993,1.0,15,0,,success
or-tools,twvrp_50_single_depot__9,50,TWCVRP,single_depot,multi_vehicle,0,14339.5117,14299.317,0.0285,1.0,0.0,0,1.0,0.5213,1.0,23,0,,success
or-tools,twvrp_50_single_depot__9,50,TWCVRP,single_depot,multi_vehicle,1,14307.64,14299.317,0.0285,1.0,0.0,0,1.0,0.5213,1.0,23,0,,success
or-tools,twvrp_50_single_depot__9,50,TWCVRP,single_depot,multi_vehicle,2,14307.2611,14299.317,0.0285,1.0,0.0,0,1.0,0.5213,1.0,23,0,,success
or-tools,twvrp_50_single_depot__9,50,TWCVRP,single_depot,multi_vehicle,3,14307.9989,14299.317,0.0285,1.0,0.0,0,1.0,0.5213,1.0,23,0,,success
or-tools,twvrp_50_single_depot__9,50,TWCVRP,single_depot,multi_vehicle,4,14307.6911,14299.317,0.0285,1.0,0.0,0,1.0,0.5213,1.0,23,0,,success
nn2opt,twvrp_50_single_depot__9,50,TWCVRP,single_depot,multi_vehicle,0,14339.5117,14299.317,0.0097,1.0,0.0,0,1.0,0.5213,1.0,23,0,,success
nn2opt,twvrp_50_single_depot__9,50,TWCVRP,single_depot,multi_vehicle,1,14307.64,14299.317,0.0097,1.0,0.0,0,1.0,0.5213,1.0,23,0,,success
nn2opt,twvrp_50_single_depot__9,50,TWCVRP,single_depot,multi_vehicle,2,14307.2611,14299.317,0.0097,1.0,0.0,0,1.0,0.5213,1.0,23,0,,success
nn2opt,twvrp_50_single_depot__9,50,TWCVRP,single_depot,multi_vehicle,3,14307.9989,14299.317,0.0097,1.0,0.0,0,1.0,0.5213,1.0,23,0,,success
nn2opt,twvrp_50_single_depot__9,50,TWCVRP,single_depot,multi_vehicle,4,14307.6911,14299.317,0.0097,1.0,0.0,0,1.0,0.5213,1.0,23,0,,success
DSS,twvrp_100_single_depot__0,100,TWCVRP,single_depot,multi_vehicle,0,21853.3144,21839.2836,12.0148,0.0,1.0309,1,0.9897,0.8621,1.0,29,1,,success
DSS,twvrp_100_single_depot__0,100,TWCVRP,single_depot,multi_vehicle,1,21853.1697,21839.2836,12.0148,0.0,1.0309,1,0.9897,0.8621,1.0,29,1,,success
DSS,twvrp_100_single_depot__0,100,TWCVRP,single_depot,multi_vehicle,2,21853.3651,21839.2836,12.0148,0.0,1.0309,1,0.9897,0.8621,1.0,29,1,,success
DSS,twvrp_100_single_depot__0,100,TWCVRP,single_depot,multi_vehicle,3,21853.1495,21839.2836,12.0148,0.0,1.0309,1,0.9897,0.8621,1.0,29,1,,success
DSS,twvrp_100_single_depot__0,100,TWCVRP,single_depot,multi_vehicle,4,21853.6754,21839.2836,12.0148,0.0,1.0309,1,0.9897,0.8621,1.0,29,1,,success
or-tools-tw,twvrp_100_single_depot__0,100,TWCVRP,single_depot,multi_vehicle,0,21608.2469,21594.0594,12.0012,0.0,1.0309,1,0.9897,0.8621,1.0,29,1,,success
or-tools-tw,twvrp_100_single_depot__0,100,TWCVRP,single_depot,multi_vehicle,1,21607.8937,21594.0594,12.0012,0.0,1.0309,1,0.9897,0.8621,1.0,29,1,,success
or-tools-tw,twvrp_100_single_depot__0,100,TWCVRP,single_depot,multi_vehicle,2,21608.1353,21594.0594,12.0012,0.0,1.0309,1,0.9897,0.8621,1.0,29,1,,success
or-tools-tw,twvrp_100_single_depot__0,100,TWCVRP,single_depot,multi_vehicle,3,21608.0844,21594.0594,12.0012,0.0,1.0309,1,0.9897,0.8621,1.0,29,1,,success
or-tools-tw,twvrp_100_single_depot__0,100,TWCVRP,single_depot,multi_vehicle,4,21608.4303,21594.0594,12.0012,0.0,1.0309,1,0.9897,0.8621,1.0,29,1,,success
or-tools,twvrp_100_single_depot__0,100,TWCVRP,single_depot,multi_vehicle,0,36464.1758,36446.1009,0.1006,0.0,1.0309,1,0.9897,0.5208,1.0,48,0,,success
or-tools,twvrp_100_single_depot__0,100,TWCVRP,single_depot,multi_vehicle,1,36463.5659,36446.1009,0.1006,0.0,1.0309,1,0.9897,0.5208,1.0,48,0,,success
or-tools,twvrp_100_single_depot__0,100,TWCVRP,single_depot,multi_vehicle,2,36463.8962,36446.1009,0.1006,0.0,1.0309,1,0.9897,0.5208,1.0,48,0,,success
or-tools,twvrp_100_single_depot__0,100,TWCVRP,single_depot,multi_vehicle,3,36463.6559,36446.1009,0.1006,0.0,1.0309,1,0.9897,0.5208,1.0,48,0,,success
or-tools,twvrp_100_single_depot__0,100,TWCVRP,single_depot,multi_vehicle,4,36464.1675,36446.1009,0.1006,0.0,1.0309,1,0.9897,0.5208,1.0,48,0,,success
nn2opt,twvrp_100_single_depot__0,100,TWCVRP,single_depot,multi_vehicle,0,36464.1758,36446.1009,0.0338,0.0,1.0309,1,0.9897,0.5208,1.0,48,0,,success
nn2opt,twvrp_100_single_depot__0,100,TWCVRP,single_depot,multi_vehicle,1,36463.5659,36446.1009,0.0338,0.0,1.0309,1,0.9897,0.5208,1.0,48,0,,success
nn2opt,twvrp_100_single_depot__0,100,TWCVRP,single_depot,multi_vehicle,2,36463.8962,36446.1009,0.0338,0.0,1.0309,1,0.9897,0.5208,1.0,48,0,,success
nn2opt,twvrp_100_single_depot__0,100,TWCVRP,single_depot,multi_vehicle,3,36463.6559,36446.1009,0.0338,0.0,1.0309,1,0.9897,0.5208,1.0,48,0,,success
nn2opt,twvrp_100_single_depot__0,100,TWCVRP,single_depot,multi_vehicle,4,36464.1675,36446.1009,0.0338,0.0,1.0309,1,0.9897,0.5208,1.0,48,0,,success
DSS,twvrp_100_single_depot__1,100,TWCVRP,single_depot,multi_vehicle,0,22304.4197,22290.1606,12.0115,1.0,0.0,0,1.0,0.899,1.0,31,0,,success
DSS,twvrp_100_single_depot__1,100,TWCVRP,single_depot,multi_vehicle,1,22304.6427,22290.1606,12.0115,1.0,0.0,0,1.0,0.899,1.0,31,0,,success
DSS,twvrp_100_single_depot__1,100,TWCVRP,single_depot,multi_vehicle,2,22303.8892,22290.1606,12.0115,1.0,0.0,0,1.0,0.899,1.0,31,0,,success
DSS,twvrp_100_single_depot__1,100,TWCVRP,single_depot,multi_vehicle,3,22304.1383,22290.1606,12.0115,1.0,0.0,0,1.0,0.899,1.0,31,0,,success
DSS,twvrp_100_single_depot__1,100,TWCVRP,single_depot,multi_vehicle,4,22304.0983,22290.1606,12.0115,1.0,0.0,0,1.0,0.899,1.0,31,0,,success
or-tools-tw,twvrp_100_single_depot__1,100,TWCVRP,single_depot,multi_vehicle,0,21800.572,21786.6322,12.0015,1.0,0.0,0,1.0,0.899,1.0,31,0,,success
or-tools-tw,twvrp_100_single_depot__1,100,TWCVRP,single_depot,multi_vehicle,1,21800.6382,21786.6322,12.0015,1.0,0.0,0,1.0,0.899,1.0,31,0,,success
or-tools-tw,twvrp_100_single_depot__1,100,TWCVRP,single_depot,multi_vehicle,2,21800.3176,21786.6322,12.0015,1.0,0.0,0,1.0,0.899,1.0,31,0,,success
or-tools-tw,twvrp_100_single_depot__1,100,TWCVRP,single_depot,multi_vehicle,3,21800.2785,21786.6322,12.0015,1.0,0.0,0,1.0,0.899,1.0,31,0,,success
or-tools-tw,twvrp_100_single_depot__1,100,TWCVRP,single_depot,multi_vehicle,4,21800.2179,21786.6322,12.0015,1.0,0.0,0,1.0,0.899,1.0,31,0,,success
or-tools,twvrp_100_single_depot__1,100,TWCVRP,single_depot,multi_vehicle,0,39448.3171,39429.7073,0.1022,1.0,0.0,0,1.0,0.5258,1.0,53,0,,success
or-tools,twvrp_100_single_depot__1,100,TWCVRP,single_depot,multi_vehicle,1,39448.0526,39429.7073,0.1022,1.0,0.0,0,1.0,0.5258,1.0,53,0,,success
or-tools,twvrp_100_single_depot__1,100,TWCVRP,single_depot,multi_vehicle,2,39447.5588,39429.7073,0.1022,1.0,0.0,0,1.0,0.5258,1.0,53,0,,success
or-tools,twvrp_100_single_depot__1,100,TWCVRP,single_depot,multi_vehicle,3,39447.8648,39429.7073,0.1022,1.0,0.0,0,1.0,0.5258,1.0,53,0,,success
or-tools,twvrp_100_single_depot__1,100,TWCVRP,single_depot,multi_vehicle,4,39448.0529,39429.7073,0.1022,1.0,0.0,0,1.0,0.5258,1.0,53,0,,success
nn2opt,twvrp_100_single_depot__1,100,TWCVRP,single_depot,multi_vehicle,0,39448.3171,39429.7073,0.0336,1.0,0.0,0,1.0,0.5258,1.0,53,0,,success
nn2opt,twvrp_100_single_depot__1,100,TWCVRP,single_depot,multi_vehicle,1,39448.0526,39429.7073,0.0336,1.0,0.0,0,1.0,0.5258,1.0,53,0,,success
nn2opt,twvrp_100_single_depot__1,100,TWCVRP,single_depot,multi_vehicle,2,39447.5588,39429.7073,0.0336,1.0,0.0,0,1.0,0.5258,1.0,53,0,,success
nn2opt,twvrp_100_single_depot__1,100,TWCVRP,single_depot,multi_vehicle,3,39447.8648,39429.7073,0.0336,1.0,0.0,0,1.0,0.5258,1.0,53,0,,success
nn2opt,twvrp_100_single_depot__1,100,TWCVRP,single_depot,multi_vehicle,4,39448.0529,39429.7073,0.0336,1.0,0.0,0,1.0,0.5258,1.0,53,0,,success
DSS,twvrp_100_single_depot__2,100,TWCVRP,single_depot,multi_vehicle,0,20980.8389,20966.9384,12.0244,1.0,0.0,0,1.0,0.8927,1.0,29,0,,success
DSS,twvrp_100_single_depot__2,100,TWCVRP,single_depot,multi_vehicle,1,20981.2657,20966.9384,12.0244,1.0,0.0,0,1.0,0.8927,1.0,29,0,,success
DSS,twvrp_100_single_depot__2,100,TWCVRP,single_depot,multi_vehicle,2,20980.4668,20966.9384,12.0244,1.0,0.0,0,1.0,0.8927,1.0,29,0,,success
DSS,twvrp_100_single_depot__2,100,TWCVRP,single_depot,multi_vehicle,3,20981.8119,20966.9384,12.0244,1.0,0.0,0,1.0,0.8927,1.0,29,0,,success
DSS,twvrp_100_single_depot__2,100,TWCVRP,single_depot,multi_vehicle,4,20980.7591,20966.9384,12.0244,1.0,0.0,0,1.0,0.8927,1.0,29,0,,success
or-tools-tw,twvrp_100_single_depot__2,100,TWCVRP,single_depot,multi_vehicle,0,20369.9091,20356.5203,12.0095,1.0,0.0,0,1.0,0.9246,1.0,28,0,,success
or-tools-tw,twvrp_100_single_depot__2,100,TWCVRP,single_depot,multi_vehicle,1,20370.4258,20356.5203,12.0095,1.0,0.0,0,1.0,0.9246,1.0,28,0,,success
or-tools-tw,twvrp_100_single_depot__2,100,TWCVRP,single_depot,multi_vehicle,2,20370.0313,20356.5203,12.0095,1.0,0.0,0,1.0,0.9246,1.0,28,0,,success
or-tools-tw,twvrp_100_single_depot__2,100,TWCVRP,single_depot,multi_vehicle,3,20371.2826,20356.5203,12.0095,1.0,0.0,0,1.0,0.9246,1.0,28,0,,success
or-tools-tw,twvrp_100_single_depot__2,100,TWCVRP,single_depot,multi_vehicle,4,20370.3234,20356.5203,12.0095,1.0,0.0,0,1.0,0.9246,1.0,28,0,,success
or-tools,twvrp_100_single_depot__2,100,TWCVRP,single_depot,multi_vehicle,0,36940.9857,36923.7547,0.1018,1.0,0.0,0,1.0,0.5393,1.0,48,0,,success
or-tools,twvrp_100_single_depot__2,100,TWCVRP,single_depot,multi_vehicle,1,36941.4881,36923.7547,0.1018,1.0,0.0,0,1.0,0.5393,1.0,48,0,,success
or-tools,twvrp_100_single_depot__2,100,TWCVRP,single_depot,multi_vehicle,2,36941.0003,36923.7547,0.1018,1.0,0.0,0,1.0,0.5393,1.0,48,0,,success
or-tools,twvrp_100_single_depot__2,100,TWCVRP,single_depot,multi_vehicle,3,36941.8603,36923.7547,0.1018,1.0,0.0,0,1.0,0.5393,1.0,48,0,,success
or-tools,twvrp_100_single_depot__2,100,TWCVRP,single_depot,multi_vehicle,4,36941.0656,36923.7547,0.1018,1.0,0.0,0,1.0,0.5393,1.0,48,0,,success
nn2opt,twvrp_100_single_depot__2,100,TWCVRP,single_depot,multi_vehicle,0,36940.9857,36923.7547,0.0328,1.0,0.0,0,1.0,0.5393,1.0,48,0,,success
nn2opt,twvrp_100_single_depot__2,100,TWCVRP,single_depot,multi_vehicle,1,36941.4881,36923.7547,0.0328,1.0,0.0,0,1.0,0.5393,1.0,48,0,,success
nn2opt,twvrp_100_single_depot__2,100,TWCVRP,single_depot,multi_vehicle,2,36941.0003,36923.7547,0.0328,1.0,0.0,0,1.0,0.5393,1.0,48,0,,success
nn2opt,twvrp_100_single_depot__2,100,TWCVRP,single_depot,multi_vehicle,3,36941.8603,36923.7547,0.0328,1.0,0.0,0,1.0,0.5393,1.0,48,0,,success
nn2opt,twvrp_100_single_depot__2,100,TWCVRP,single_depot,multi_vehicle,4,36941.0656,36923.7547,0.0328,1.0,0.0,0,1.0,0.5393,1.0,48,0,,success
DSS,twvrp_100_single_depot__3,100,TWCVRP,single_depot,multi_vehicle,0,20525.3925,20511.9147,12.011,0.0,2.0619,2,0.9794,0.8868,1.0,27,1,,success
DSS,twvrp_100_single_depot__3,100,TWCVRP,single_depot,multi_vehicle,1,20525.1368,20511.9147,12.011,0.0,2.0619,2,0.9794,0.8868,1.0,27,1,,success
DSS,twvrp_100_single_depot__3,100,TWCVRP,single_depot,multi_vehicle,2,20525.3322,20511.9147,12.011,0.0,2.0619,2,0.9794,0.8868,1.0,27,1,,success
DSS,twvrp_100_single_depot__3,100,TWCVRP,single_depot,multi_vehicle,3,20524.986,20511.9147,12.011,0.0,2.0619,2,0.9794,0.8868,1.0,27,1,,success
DSS,twvrp_100_single_depot__3,100,TWCVRP,single_depot,multi_vehicle,4,20525.9016,20511.9147,12.011,0.0,2.0619,2,0.9794,0.8868,1.0,27,1,,success
or-tools-tw,twvrp_100_single_depot__3,100,TWCVRP,single_depot,multi_vehicle,0,21211.3939,21197.4125,12.0062,0.0,1.0309,1,0.9897,0.8551,1.0,28,1,,success
or-tools-tw,twvrp_100_single_depot__3,100,TWCVRP,single_depot,multi_vehicle,1,21211.3384,21197.4125,12.0062,0.0,1.0309,1,0.9897,0.8551,1.0,28,1,,success
or-tools-tw,twvrp_100_single_depot__3,100,TWCVRP,single_depot,multi_vehicle,2,21211.4709,21197.4125,12.0062,0.0,1.0309,1,0.9897,0.8551,1.0,28,1,,success
or-tools-tw,twvrp_100_single_depot__3,100,TWCVRP,single_depot,multi_vehicle,3,21211.0799,21197.4125,12.0062,0.0,1.0309,1,0.9897,0.8551,1.0,28,1,,success
or-tools-tw,twvrp_100_single_depot__3,100,TWCVRP,single_depot,multi_vehicle,4,21211.8101,21197.4125,12.0062,0.0,1.0309,1,0.9897,0.8551,1.0,28,1,,success
or-tools,twvrp_100_single_depot__3,100,TWCVRP,single_depot,multi_vehicle,0,33787.4077,33770.6209,0.0996,0.0,1.0309,1,0.9897,0.5701,1.0,42,0,,success
or-tools,twvrp_100_single_depot__3,100,TWCVRP,single_depot,multi_vehicle,1,33788.0466,33770.6209,0.0996,0.0,1.0309,1,0.9897,0.5701,1.0,42,0,,success
or-tools,twvrp_100_single_depot__3,100,TWCVRP,single_depot,multi_vehicle,2,33787.7543,33770.6209,0.0996,0.0,1.0309,1,0.9897,0.5701,1.0,42,0,,success
or-tools,twvrp_100_single_depot__3,100,TWCVRP,single_depot,multi_vehicle,3,33787.018,33770.6209,0.0996,0.0,1.0309,1,0.9897,0.5701,1.0,42,0,,success
or-tools,twvrp_100_single_depot__3,100,TWCVRP,single_depot,multi_vehicle,4,33788.2886,33770.6209,0.0996,0.0,1.0309,1,0.9897,0.5701,1.0,42,0,,success
nn2opt,twvrp_100_single_depot__3,100,TWCVRP,single_depot,multi_vehicle,0,33787.4077,33770.6209,0.0335,0.0,1.0309,1,0.9897,0.5701,1.0,42,0,,success
nn2opt,twvrp_100_single_depot__3,100,TWCVRP,single_depot,multi_vehicle,1,33788.0466,33770.6209,0.0335,0.0,1.0309,1,0.9897,0.5701,1.0,42,0,,success
nn2opt,twvrp_100_single_depot__3,100,TWCVRP,single_depot,multi_vehicle,2,33787.7543,33770.6209,0.0335,0.0,1.0309,1,0.9897,0.5701,1.0,42,0,,success
nn2opt,twvrp_100_single_depot__3,100,TWCVRP,single_depot,multi_vehicle,3,33787.018,33770.6209,0.0335,0.0,1.0309,1,0.9897,0.5701,1.0,42,0,,success
nn2opt,twvrp_100_single_depot__3,100,TWCVRP,single_depot,multi_vehicle,4,33788.2886,33770.6209,0.0335,0.0,1.0309,1,0.9897,0.5701,1.0,42,0,,success
DSS,twvrp_100_single_depot__4,100,TWCVRP,single_depot,multi_vehicle,0,22014.5942,22000.5642,12.0106,1.0,0.0,0,1.0,0.899,1.0,31,0,,success
DSS,twvrp_100_single_depot__4,100,TWCVRP,single_depot,multi_vehicle,1,22014.1906,22000.5642,12.0106,1.0,0.0,0,1.0,0.899,1.0,31,0,,success
DSS,twvrp_100_single_depot__4,100,TWCVRP,single_depot,multi_vehicle,2,22014.2417,22000.5642,12.0106,1.0,0.0,0,1.0,0.899,1.0,31,0,,success
DSS,twvrp_100_single_depot__4,100,TWCVRP,single_depot,multi_vehicle,3,22014.7069,22000.5642,12.0106,1.0,0.0,0,1.0,0.899,1.0,31,0,,success
DSS,twvrp_100_single_depot__4,100,TWCVRP,single_depot,multi_vehicle,4,22014.7518,22000.5642,12.0106,1.0,0.0,0,1.0,0.899,1.0,31,0,,success
or-tools-tw,twvrp_100_single_depot__4,100,TWCVRP,single_depot,multi_vehicle,0,21633.9263,21620.0197,12.0018,1.0,0.0,0,1.0,0.899,1.0,31,0,,success
or-tools-tw,twvrp_100_single_depot__4,100,TWCVRP,single_depot,multi_vehicle,1,21633.7902,21620.0197,12.0018,1.0,0.0,0,1.0,0.899,1.0,31,0,,success
or-tools-tw,twvrp_100_single_depot__4,100,TWCVRP,single_depot,multi_vehicle,2,21633.8706,21620.0197,12.0018,1.0,0.0,0,1.0,0.899,1.0,31,0,,success
or-tools-tw,twvrp_100_single_depot__4,100,TWCVRP,single_depot,multi_vehicle,3,21634.1108,21620.0197,12.0018,1.0,0.0,0,1.0,0.899,1.0,31,0,,success
or-tools-tw,twvrp_100_single_depot__4,100,TWCVRP,single_depot,multi_vehicle,4,21634.1941,21620.0197,12.0018,1.0,0.0,0,1.0,0.899,1.0,31,0,,success
or-tools,twvrp_100_single_depot__4,100,TWCVRP,single_depot,multi_vehicle,0,33660.4596,33643.823,0.1012,1.0,0.0,0,1.0,0.6334,1.0,44,0,,success
or-tools,twvrp_100_single_depot__4,100,TWCVRP,single_depot,multi_vehicle,1,33660.0311,33643.823,0.1012,1.0,0.0,0,1.0,0.6334,1.0,44,0,,success
or-tools,twvrp_100_single_depot__4,100,TWCVRP,single_depot,multi_vehicle,2,33660.6627,33643.823,0.1012,1.0,0.0,0,1.0,0.6334,1.0,44,0,,success
or-tools,twvrp_100_single_depot__4,100,TWCVRP,single_depot,multi_vehicle,3,33660.7175,33643.823,0.1012,1.0,0.0,0,1.0,0.6334,1.0,44,0,,success
or-tools,twvrp_100_single_depot__4,100,TWCVRP,single_depot,multi_vehicle,4,33660.6883,33643.823,0.1012,1.0,0.0,0,1.0,0.6334,1.0,44,0,,success
nn2opt,twvrp_100_single_depot__4,100,TWCVRP,single_depot,multi_vehicle,0,33660.4596,33643.823,0.0339,1.0,0.0,0,1.0,0.6334,1.0,44,0,,success
nn2opt,twvrp_100_single_depot__4,100,TWCVRP,single_depot,multi_vehicle,1,33660.0311,33643.823,0.0339,1.0,0.0,0,1.0,0.6334,1.0,44,0,,success
nn2opt,twvrp_100_single_depot__4,100,TWCVRP,single_depot,multi_vehicle,2,33660.6627,33643.823,0.0339,1.0,0.0,0,1.0,0.6334,1.0,44,0,,success
nn2opt,twvrp_100_single_depot__4,100,TWCVRP,single_depot,multi_vehicle,3,33660.7175,33643.823,0.0339,1.0,0.0,0,1.0,0.6334,1.0,44,0,,success
nn2opt,twvrp_100_single_depot__4,100,TWCVRP,single_depot,multi_vehicle,4,33660.6883,33643.823,0.0339,1.0,0.0,0,1.0,0.6334,1.0,44,0,,success
DSS,twvrp_100_single_depot__5,100,TWCVRP,single_depot,multi_vehicle,0,24660.6844,24645.463,12.011,1.0,0.0,0,1.0,0.9087,1.0,33,0,,success
DSS,twvrp_100_single_depot__5,100,TWCVRP,single_depot,multi_vehicle,1,24660.9143,24645.463,12.011,1.0,0.0,0,1.0,0.9087,1.0,33,0,,success
DSS,twvrp_100_single_depot__5,100,TWCVRP,single_depot,multi_vehicle,2,24660.3869,24645.463,12.011,1.0,0.0,0,1.0,0.9087,1.0,33,0,,success
DSS,twvrp_100_single_depot__5,100,TWCVRP,single_depot,multi_vehicle,3,24660.9016,24645.463,12.011,1.0,0.0,0,1.0,0.9087,1.0,33,0,,success
DSS,twvrp_100_single_depot__5,100,TWCVRP,single_depot,multi_vehicle,4,24660.8951,24645.463,12.011,1.0,0.0,0,1.0,0.9087,1.0,33,0,,success
or-tools-tw,twvrp_100_single_depot__5,100,TWCVRP,single_depot,multi_vehicle,0,24724.9634,24709.7273,12.0005,1.0,0.0,0,1.0,0.9087,1.0,33,0,,success
or-tools-tw,twvrp_100_single_depot__5,100,TWCVRP,single_depot,multi_vehicle,1,24725.035,24709.7273,12.0005,1.0,0.0,0,1.0,0.9087,1.0,33,0,,success
or-tools-tw,twvrp_100_single_depot__5,100,TWCVRP,single_depot,multi_vehicle,2,24724.6104,24709.7273,12.0005,1.0,0.0,0,1.0,0.9087,1.0,33,0,,success
or-tools-tw,twvrp_100_single_depot__5,100,TWCVRP,single_depot,multi_vehicle,3,24725.1364,24709.7273,12.0005,1.0,0.0,0,1.0,0.9087,1.0,33,0,,success
or-tools-tw,twvrp_100_single_depot__5,100,TWCVRP,single_depot,multi_vehicle,4,24725.1269,24709.7273,12.0005,1.0,0.0,0,1.0,0.9087,1.0,33,0,,success
or-tools,twvrp_100_single_depot__5,100,TWCVRP,single_depot,multi_vehicle,0,35842.5391,35825.2112,0.1035,1.0,0.0,0,1.0,0.6664,1.0,45,0,,success
or-tools,twvrp_100_single_depot__5,100,TWCVRP,single_depot,multi_vehicle,1,35842.8668,35825.2112,0.1035,1.0,0.0,0,1.0,0.6664,1.0,45,0,,success
or-tools,twvrp_100_single_depot__5,100,TWCVRP,single_depot,multi_vehicle,2,35842.2935,35825.2112,0.1035,1.0,0.0,0,1.0,0.6664,1.0,45,0,,success
or-tools,twvrp_100_single_depot__5,100,TWCVRP,single_depot,multi_vehicle,3,35842.6367,35825.2112,0.1035,1.0,0.0,0,1.0,0.6664,1.0,45,0,,success
or-tools,twvrp_100_single_depot__5,100,TWCVRP,single_depot,multi_vehicle,4,35843.1749,35825.2112,0.1035,1.0,0.0,0,1.0,0.6664,1.0,45,0,,success
nn2opt,twvrp_100_single_depot__5,100,TWCVRP,single_depot,multi_vehicle,0,35842.5391,35825.2112,0.0322,1.0,0.0,0,1.0,0.6664,1.0,45,0,,success
nn2opt,twvrp_100_single_depot__5,100,TWCVRP,single_depot,multi_vehicle,1,35842.8668,35825.2112,0.0322,1.0,0.0,0,1.0,0.6664,1.0,45,0,,success
nn2opt,twvrp_100_single_depot__5,100,TWCVRP,single_depot,multi_vehicle,2,35842.2935,35825.2112,0.0322,1.0,0.0,0,1.0,0.6664,1.0,45,0,,success
nn2opt,twvrp_100_single_depot__5,100,TWCVRP,single_depot,multi_vehicle,3,35842.6367,35825.2112,0.0322,1.0,0.0,0,1.0,0.6664,1.0,45,0,,success
nn2opt,twvrp_100_single_depot__5,100,TWCVRP,single_depot,multi_vehicle,4,35843.1749,35825.2112,0.0322,1.0,0.0,0,1.0,0.6664,1.0,45,0,,success
DSS,twvrp_100_single_depot__6,100,TWCVRP,single_depot,multi_vehicle,0,27683.3135,27667.3178,12.0108,0.0,1.0,1,0.99,0.867,1.0,39,1,,success
DSS,twvrp_100_single_depot__6,100,TWCVRP,single_depot,multi_vehicle,1,27682.6082,27667.3178,12.0108,0.0,1.0,1,0.99,0.867,1.0,39,1,,success
DSS,twvrp_100_single_depot__6,100,TWCVRP,single_depot,multi_vehicle,2,27683.0648,27667.3178,12.0108,0.0,1.0,1,0.99,0.867,1.0,39,1,,success
DSS,twvrp_100_single_depot__6,100,TWCVRP,single_depot,multi_vehicle,3,27682.8446,27667.3178,12.0108,0.0,1.0,1,0.99,0.867,1.0,39,1,,success
DSS,twvrp_100_single_depot__6,100,TWCVRP,single_depot,multi_vehicle,4,27683.0485,27667.3178,12.0108,0.0,1.0,1,0.99,0.867,1.0,39,1,,success
or-tools-tw,twvrp_100_single_depot__6,100,TWCVRP,single_depot,multi_vehicle,0,26610.9438,26595.0666,12.0045,0.0,1.0,1,0.99,0.9138,1.0,37,1,,success
or-tools-tw,twvrp_100_single_depot__6,100,TWCVRP,single_depot,multi_vehicle,1,26610.2024,26595.0666,12.0045,0.0,1.0,1,0.99,0.9138,1.0,37,1,,success
or-tools-tw,twvrp_100_single_depot__6,100,TWCVRP,single_depot,multi_vehicle,2,26610.6612,26595.0666,12.0045,0.0,1.0,1,0.99,0.9138,1.0,37,1,,success
or-tools-tw,twvrp_100_single_depot__6,100,TWCVRP,single_depot,multi_vehicle,3,26610.6329,26595.0666,12.0045,0.0,1.0,1,0.99,0.9138,1.0,37,1,,success
or-tools-tw,twvrp_100_single_depot__6,100,TWCVRP,single_depot,multi_vehicle,4,26610.6736,26595.0666,12.0045,0.0,1.0,1,0.99,0.9138,1.0,37,1,,success
or-tools,twvrp_100_single_depot__6,100,TWCVRP,single_depot,multi_vehicle,0,35457.4521,35439.9243,0.1008,0.0,1.0,1,0.99,0.7514,1.0,45,0,,success
or-tools,twvrp_100_single_depot__6,100,TWCVRP,single_depot,multi_vehicle,1,35456.6649,35439.9243,0.1008,0.0,1.0,1,0.99,0.7514,1.0,45,0,,success
or-tools,twvrp_100_single_depot__6,100,TWCVRP,single_depot,multi_vehicle,2,35456.8788,35439.9243,0.1008,0.0,1.0,1,0.99,0.7514,1.0,45,0,,success
or-tools,twvrp_100_single_depot__6,100,TWCVRP,single_depot,multi_vehicle,3,35456.8315,35439.9243,0.1008,0.0,1.0,1,0.99,0.7514,1.0,45,0,,success
or-tools,twvrp_100_single_depot__6,100,TWCVRP,single_depot,multi_vehicle,4,35457.0977,35439.9243,0.1008,0.0,1.0,1,0.99,0.7514,1.0,45,0,,success
nn2opt,twvrp_100_single_depot__6,100,TWCVRP,single_depot,multi_vehicle,0,35457.4521,35439.9243,0.0315,0.0,1.0,1,0.99,0.7514,1.0,45,0,,success
nn2opt,twvrp_100_single_depot__6,100,TWCVRP,single_depot,multi_vehicle,1,35456.6649,35439.9243,0.0315,0.0,1.0,1,0.99,0.7514,1.0,45,0,,success
nn2opt,twvrp_100_single_depot__6,100,TWCVRP,single_depot,multi_vehicle,2,35456.8788,35439.9243,0.0315,0.0,1.0,1,0.99,0.7514,1.0,45,0,,success
nn2opt,twvrp_100_single_depot__6,100,TWCVRP,single_depot,multi_vehicle,3,35456.8315,35439.9243,0.0315,0.0,1.0,1,0.99,0.7514,1.0,45,0,,success
nn2opt,twvrp_100_single_depot__6,100,TWCVRP,single_depot,multi_vehicle,4,35457.0977,35439.9243,0.0315,0.0,1.0,1,0.99,0.7514,1.0,45,0,,success
DSS,twvrp_100_single_depot__7,100,TWCVRP,single_depot,multi_vehicle,0,22595.6858,22581.9209,12.0106,0.0,1.0,1,0.99,0.8656,1.0,30,1,,success
DSS,twvrp_100_single_depot__7,100,TWCVRP,single_depot,multi_vehicle,1,22596.0473,22581.9209,12.0106,0.0,1.0,1,0.99,0.8656,1.0,30,1,,success
DSS,twvrp_100_single_depot__7,100,TWCVRP,single_depot,multi_vehicle,2,22596.0446,22581.9209,12.0106,0.0,1.0,1,0.99,0.8656,1.0,30,1,,success
DSS,twvrp_100_single_depot__7,100,TWCVRP,single_depot,multi_vehicle,3,22595.4995,22581.9209,12.0106,0.0,1.0,1,0.99,0.8656,1.0,30,1,,success
DSS,twvrp_100_single_depot__7,100,TWCVRP,single_depot,multi_vehicle,4,22595.957,22581.9209,12.0106,0.0,1.0,1,0.99,0.8656,1.0,30,1,,success
or-tools-tw,twvrp_100_single_depot__7,100,TWCVRP,single_depot,multi_vehicle,0,22550.8086,22536.7847,12.0005,0.0,2.0,2,0.98,0.8955,1.0,29,1,,success
or-tools-tw,twvrp_100_single_depot__7,100,TWCVRP,single_depot,multi_vehicle,1,22550.887,22536.7847,12.0005,0.0,2.0,2,0.98,0.8955,1.0,29,1,,success
or-tools-tw,twvrp_100_single_depot__7,100,TWCVRP,single_depot,multi_vehicle,2,22551.101,22536.7847,12.0005,0.0,2.0,2,0.98,0.8955,1.0,29,1,,success
or-tools-tw,twvrp_100_single_depot__7,100,TWCVRP,single_depot,multi_vehicle,3,22550.5549,22536.7847,12.0005,0.0,2.0,2,0.98,0.8955,1.0,29,1,,success
or-tools-tw,twvrp_100_single_depot__7,100,TWCVRP,single_depot,multi_vehicle,4,22550.9718,22536.7847,12.0005,0.0,2.0,2,0.98,0.8955,1.0,29,1,,success
or-tools,twvrp_100_single_depot__7,100,TWCVRP,single_depot,multi_vehicle,0,35968.1138,35951.1993,0.1053,0.0,1.0,1,0.99,0.5771,1.0,45,0,,success
or-tools,twvrp_100_single_depot__7,100,TWCVRP,single_depot,multi_vehicle,1,35968.0766,35951.1993,0.1053,0.0,1.0,1,0.99,0.5771,1.0,45,0,,success
or-tools,twvrp_100_single_depot__7,100,TWCVRP,single_depot,multi_vehicle,2,35968.3595,35951.1993,0.1053,0.0,1.0,1,0.99,0.5771,1.0,45,0,,success
or-tools,twvrp_100_single_depot__7,100,TWCVRP,single_depot,multi_vehicle,3,35967.6524,35951.1993,0.1053,0.0,1.0,1,0.99,0.5771,1.0,45,0,,success
or-tools,twvrp_100_single_depot__7,100,TWCVRP,single_depot,multi_vehicle,4,35967.9073,35951.1993,0.1053,0.0,1.0,1,0.99,0.5771,1.0,45,0,,success
nn2opt,twvrp_100_single_depot__7,100,TWCVRP,single_depot,multi_vehicle,0,35968.1138,35951.1993,0.0349,0.0,1.0,1,0.99,0.5771,1.0,45,0,,success
nn2opt,twvrp_100_single_depot__7,100,TWCVRP,single_depot,multi_vehicle,1,35968.0766,35951.1993,0.0349,0.0,1.0,1,0.99,0.5771,1.0,45,0,,success
nn2opt,twvrp_100_single_depot__7,100,TWCVRP,single_depot,multi_vehicle,2,35968.3595,35951.1993,0.0349,0.0,1.0,1,0.99,0.5771,1.0,45,0,,success
nn2opt,twvrp_100_single_depot__7,100,TWCVRP,single_depot,multi_vehicle,3,35967.6524,35951.1993,0.0349,0.0,1.0,1,0.99,0.5771,1.0,45,0,,success
nn2opt,twvrp_100_single_depot__7,100,TWCVRP,single_depot,multi_vehicle,4,35967.9073,35951.1993,0.0349,0.0,1.0,1,0.99,0.5771,1.0,45,0,,success
DSS,twvrp_100_single_depot__8,100,TWCVRP,single_depot,multi_vehicle,0,24159.7448,24145.2827,12.0106,0.0,1.0,1,0.99,0.8774,1.0,33,1,,success
DSS,twvrp_100_single_depot__8,100,TWCVRP,single_depot,multi_vehicle,1,24160.4394,24145.2827,12.0106,0.0,1.0,1,0.99,0.8774,1.0,33,1,,success
DSS,twvrp_100_single_depot__8,100,TWCVRP,single_depot,multi_vehicle,2,24159.9072,24145.2827,12.0106,0.0,1.0,1,0.99,0.8774,1.0,33,1,,success
DSS,twvrp_100_single_depot__8,100,TWCVRP,single_depot,multi_vehicle,3,24159.7124,24145.2827,12.0106,0.0,1.0,1,0.99,0.8774,1.0,33,1,,success
DSS,twvrp_100_single_depot__8,100,TWCVRP,single_depot,multi_vehicle,4,24160.8134,24145.2827,12.0106,0.0,1.0,1,0.99,0.8774,1.0,33,1,,success
or-tools-tw,twvrp_100_single_depot__8,100,TWCVRP,single_depot,multi_vehicle,0,24540.6247,24525.7722,12.0013,0.0,1.0,1,0.99,0.8774,1.0,33,1,,success
or-tools-tw,twvrp_100_single_depot__8,100,TWCVRP,single_depot,multi_vehicle,1,24541.2033,24525.7722,12.0013,0.0,1.0,1,0.99,0.8774,1.0,33,1,,success
or-tools-tw,twvrp_100_single_depot__8,100,TWCVRP,single_depot,multi_vehicle,2,24540.566,24525.7722,12.0013,0.0,1.0,1,0.99,0.8774,1.0,33,1,,success
or-tools-tw,twvrp_100_single_depot__8,100,TWCVRP,single_depot,multi_vehicle,3,24539.9612,24525.7722,12.0013,0.0,1.0,1,0.99,0.8774,1.0,33,1,,success
or-tools-tw,twvrp_100_single_depot__8,100,TWCVRP,single_depot,multi_vehicle,4,24541.5615,24525.7722,12.0013,0.0,1.0,1,0.99,0.8774,1.0,33,1,,success
or-tools,twvrp_100_single_depot__8,100,TWCVRP,single_depot,multi_vehicle,0,34857.6173,34840.3512,0.1038,0.0,1.0,1,0.99,0.6294,1.0,46,0,,success
or-tools,twvrp_100_single_depot__8,100,TWCVRP,single_depot,multi_vehicle,1,34858.2686,34840.3512,0.1038,0.0,1.0,1,0.99,0.6294,1.0,46,0,,success
or-tools,twvrp_100_single_depot__8,100,TWCVRP,single_depot,multi_vehicle,2,34857.7435,34840.3512,0.1038,0.0,1.0,1,0.99,0.6294,1.0,46,0,,success
or-tools,twvrp_100_single_depot__8,100,TWCVRP,single_depot,multi_vehicle,3,34857.2372,34840.3512,0.1038,0.0,1.0,1,0.99,0.6294,1.0,46,0,,success
or-tools,twvrp_100_single_depot__8,100,TWCVRP,single_depot,multi_vehicle,4,34858.7056,34840.3512,0.1038,0.0,1.0,1,0.99,0.6294,1.0,46,0,,success
nn2opt,twvrp_100_single_depot__8,100,TWCVRP,single_depot,multi_vehicle,0,34857.6173,34840.3512,0.0342,0.0,1.0,1,0.99,0.6294,1.0,46,0,,success
nn2opt,twvrp_100_single_depot__8,100,TWCVRP,single_depot,multi_vehicle,1,34858.2686,34840.3512,0.0342,0.0,1.0,1,0.99,0.6294,1.0,46,0,,success
nn2opt,twvrp_100_single_depot__8,100,TWCVRP,single_depot,multi_vehicle,2,34857.7435,34840.3512,0.0342,0.0,1.0,1,0.99,0.6294,1.0,46,0,,success
nn2opt,twvrp_100_single_depot__8,100,TWCVRP,single_depot,multi_vehicle,3,34857.2372,34840.3512,0.0342,0.0,1.0,1,0.99,0.6294,1.0,46,0,,success
nn2opt,twvrp_100_single_depot__8,100,TWCVRP,single_depot,multi_vehicle,4,34858.7056,34840.3512,0.0342,0.0,1.0,1,0.99,0.6294,1.0,46,0,,success
DSS,twvrp_100_single_depot__9,100,TWCVRP,single_depot,multi_vehicle,0,22825.1663,22811.1388,12.0107,0.0,1.0,1,0.99,0.8419,1.0,32,1,,success
DSS,twvrp_100_single_depot__9,100,TWCVRP,single_depot,multi_vehicle,1,22825.9468,22811.1388,12.0107,0.0,1.0,1,0.99,0.8419,1.0,32,1,,success
DSS,twvrp_100_single_depot__9,100,TWCVRP,single_depot,multi_vehicle,2,22825.6532,22811.1388,12.0107,0.0,1.0,1,0.99,0.8419,1.0,32,1,,success
DSS,twvrp_100_single_depot__9,100,TWCVRP,single_depot,multi_vehicle,3,22825.5251,22811.1388,12.0107,0.0,1.0,1,0.99,0.8419,1.0,32,1,,success
DSS,twvrp_100_single_depot__9,100,TWCVRP,single_depot,multi_vehicle,4,22826.1479,22811.1388,12.0107,0.0,1.0,1,0.99,0.8419,1.0,32,1,,success
or-tools-tw,twvrp_100_single_depot__9,100,TWCVRP,single_depot,multi_vehicle,0,22940.6975,22926.8957,12.0005,0.0,1.0,1,0.99,0.8691,1.0,31,1,,success
or-tools-tw,twvrp_100_single_depot__9,100,TWCVRP,single_depot,multi_vehicle,1,22941.6841,22926.8957,12.0005,0.0,1.0,1,0.99,0.8691,1.0,31,1,,success
or-tools-tw,twvrp_100_single_depot__9,100,TWCVRP,single_depot,multi_vehicle,2,22941.1766,22926.8957,12.0005,0.0,1.0,1,0.99,0.8691,1.0,31,1,,success
or-tools-tw,twvrp_100_single_depot__9,100,TWCVRP,single_depot,multi_vehicle,3,22941.1406,22926.8957,12.0005,0.0,1.0,1,0.99,0.8691,1.0,31,1,,success
or-tools-tw,twvrp_100_single_depot__9,100,TWCVRP,single_depot,multi_vehicle,4,22941.6559,22926.8957,12.0005,0.0,1.0,1,0.99,0.8691,1.0,31,1,,success
or-tools,twvrp_100_single_depot__9,100,TWCVRP,single_depot,multi_vehicle,0,36185.4526,36168.8485,0.1037,0.0,1.0,1,0.99,0.5857,1.0,46,0,,success
or-tools,twvrp_100_single_depot__9,100,TWCVRP,single_depot,multi_vehicle,1,36186.4463,36168.8485,0.1037,0.0,1.0,1,0.99,0.5857,1.0,46,0,,success
or-tools,twvrp_100_single_depot__9,100,TWCVRP,single_depot,multi_vehicle,2,36185.7955,36168.8485,0.1037,0.0,1.0,1,0.99,0.5857,1.0,46,0,,success
or-tools,twvrp_100_single_depot__9,100,TWCVRP,single_depot,multi_vehicle,3,36185.7832,36168.8485,0.1037,0.0,1.0,1,0.99,0.5857,1.0,46,0,,success
or-tools,twvrp_100_single_depot__9,100,TWCVRP,single_depot,multi_vehicle,4,36186.5012,36168.8485,0.1037,0.0,1.0,1,0.99,0.5857,1.0,46,0,,success
nn2opt,twvrp_100_single_depot__9,100,TWCVRP,single_depot,multi_vehicle,0,36185.4526,36168.8485,0.0337,0.0,1.0,1,0.99,0.5857,1.0,46,0,,success
nn2opt,twvrp_100_single_depot__9,100,TWCVRP,single_depot,multi_vehicle,1,36186.4463,36168.8485,0.0337,0.0,1.0,1,0.99,0.5857,1.0,46,0,,success
nn2opt,twvrp_100_single_depot__9,100,TWCVRP,single_depot,multi_vehicle,2,36185.7955,36168.8485,0.0337,0.0,1.0,1,0.99,0.5857,1.0,46,0,,success
nn2opt,twvrp_100_single_depot__9,100,TWCVRP,single_depot,multi_vehicle,3,36185.7832,36168.8485,0.0337,0.0,1.0,1,0.99,0.5857,1.0,46,0,,success
nn2opt,twvrp_100_single_depot__9,100,TWCVRP,single_depot,multi_vehicle,4,36186.5012,36168.8485,0.0337,0.0,1.0,1,0.99,0.5857,1.0,46,0,,success
DSS,twvrp_200_single_depot__0,200,TWCVRP,single_depot,multi_vehicle,0,49627.0976,49600.8926,16.0308,0.0,2.5,5,0.98,0.8701,1.0,55,3,,success
DSS,twvrp_200_single_depot__0,200,TWCVRP,single_depot,multi_vehicle,1,49626.8062,49600.8926,16.0308,0.0,2.5,5,0.98,0.8701,1.0,55,3,,success
DSS,twvrp_200_single_depot__0,200,TWCVRP,single_depot,multi_vehicle,2,49627.7983,49600.8926,16.0308,0.0,2.5,5,0.98,0.8701,1.0,55,3,,success
DSS,twvrp_200_single_depot__0,200,TWCVRP,single_depot,multi_vehicle,3,49627.0133,49600.8926,16.0308,0.0,2.5,5,0.98,0.8701,1.0,55,3,,success
DSS,twvrp_200_single_depot__0,200,TWCVRP,single_depot,multi_vehicle,4,49627.9223,49600.8926,16.0308,0.0,2.5,5,0.98,0.8701,1.0,55,3,,success
or-tools-tw,twvrp_200_single_depot__0,200,TWCVRP,single_depot,multi_vehicle,0,49904.3947,49878.0627,16.0134,0.0,2.0,4,0.98,0.8701,1.0,55,4,,success
or-tools-tw,twvrp_200_single_depot__0,200,TWCVRP,single_depot,multi_vehicle,1,49904.3927,49878.0627,16.0134,0.0,2.5,5,0.98,0.8701,1.0,55,4,,success
or-tools-tw,twvrp_200_single_depot__0,200,TWCVRP,single_depot,multi_vehicle,2,49905.3276,49878.0627,16.0134,0.0,2.5,5,0.98,0.8701,1.0,55,4,,success
or-tools-tw,twvrp_200_single_depot__0,200,TWCVRP,single_depot,multi_vehicle,3,49904.969,49878.0627,16.0134,0.0,2.5,5,0.98,0.8701,1.0,55,4,,success
or-tools-tw,twvrp_200_single_depot__0,200,TWCVRP,single_depot,multi_vehicle,4,49905.5519,49878.0627,16.0134,0.0,2.5,5,0.98,0.8701,1.0,55,4,,success
or-tools,twvrp_200_single_depot__0,200,TWCVRP,single_depot,multi_vehicle,0,79128.2346,79096.1904,0.4344,0.0,2.0,4,0.985,0.5377,1.0,89,0,,success
or-tools,twvrp_200_single_depot__0,200,TWCVRP,single_depot,multi_vehicle,1,79127.3232,79096.1904,0.4344,0.0,2.0,4,0.985,0.5377,1.0,89,0,,success
or-tools,twvrp_200_single_depot__0,200,TWCVRP,single_depot,multi_vehicle,2,79129.7205,79096.1904,0.4344,0.0,2.0,4,0.985,0.5377,1.0,89,0,,success
or-tools,twvrp_200_single_depot__0,200,TWCVRP,single_depot,multi_vehicle,3,79128.8859,79096.1904,0.4344,0.0,1.5,3,0.985,0.5377,1.0,89,0,,success
or-tools,twvrp_200_single_depot__0,200,TWCVRP,single_depot,multi_vehicle,4,79128.4944,79096.1904,0.4344,0.0,2.0,4,0.985,0.5377,1.0,89,0,,success
nn2opt,twvrp_200_single_depot__0,200,TWCVRP,single_depot,multi_vehicle,0,79128.2346,79096.1904,0.1339,0.0,2.0,4,0.985,0.5377,1.0,89,0,,success
nn2opt,twvrp_200_single_depot__0,200,TWCVRP,single_depot,multi_vehicle,1,79127.3232,79096.1904,0.1339,0.0,2.0,4,0.985,0.5377,1.0,89,0,,success
nn2opt,twvrp_200_single_depot__0,200,TWCVRP,single_depot,multi_vehicle,2,79129.7205,79096.1904,0.1339,0.0,2.0,4,0.985,0.5377,1.0,89,0,,success
nn2opt,twvrp_200_single_depot__0,200,TWCVRP,single_depot,multi_vehicle,3,79128.8859,79096.1904,0.1339,0.0,1.5,3,0.985,0.5377,1.0,89,0,,success
nn2opt,twvrp_200_single_depot__0,200,TWCVRP,single_depot,multi_vehicle,4,79128.4944,79096.1904,0.1339,0.0,2.0,4,0.985,0.5377,1.0,89,0,,success
DSS,twvrp_200_single_depot__1,200,TWCVRP,single_depot,multi_vehicle,0,52792.0786,52763.7031,16.0315,0.0,2.0,4,0.98,0.8597,1.0,58,4,,success
DSS,twvrp_200_single_depot__1,200,TWCVRP,single_depot,multi_vehicle,1,52791.5506,52763.7031,16.0315,0.0,2.0,4,0.98,0.8597,1.0,58,4,,success
DSS,twvrp_200_single_depot__1,200,TWCVRP,single_depot,multi_vehicle,2,52790.3601,52763.7031,16.0315,0.0,2.0,4,0.98,0.8597,1.0,58,4,,success
DSS,twvrp_200_single_depot__1,200,TWCVRP,single_depot,multi_vehicle,3,52792.0617,52763.7031,16.0315,0.0,2.0,4,0.98,0.8597,1.0,58,4,,success
DSS,twvrp_200_single_depot__1,200,TWCVRP,single_depot,multi_vehicle,4,52791.0306,52763.7031,16.0315,0.0,2.0,4,0.98,0.8597,1.0,58,4,,success
or-tools-tw,twvrp_200_single_depot__1,200,TWCVRP,single_depot,multi_vehicle,0,51343.962,51316.1115,16.0018,0.0,2.0,4,0.98,0.8747,1.0,57,4,,success
or-tools-tw,twvrp_200_single_depot__1,200,TWCVRP,single_depot,multi_vehicle,1,51343.5372,51316.1115,16.0018,0.0,2.0,4,0.98,0.8747,1.0,57,4,,success
or-tools-tw,twvrp_200_single_depot__1,200,TWCVRP,single_depot,multi_vehicle,2,51342.6413,51316.1115,16.0018,0.0,2.0,4,0.98,0.8747,1.0,57,4,,success
or-tools-tw,twvrp_200_single_depot__1,200,TWCVRP,single_depot,multi_vehicle,3,51343.8872,51316.1115,16.0018,0.0,2.0,4,0.98,0.8747,1.0,57,4,,success
or-tools-tw,twvrp_200_single_depot__1,200,TWCVRP,single_depot,multi_vehicle,4,51343.4212,51316.1115,16.0018,0.0,2.0,4,0.98,0.8747,1.0,57,4,,success
or-tools,twvrp_200_single_depot__1,200,TWCVRP,single_depot,multi_vehicle,0,79890.6626,79857.0579,0.4294,0.0,2.0,4,0.98,0.5602,1.0,89,0,,success
or-tools,twvrp_200_single_depot__1,200,TWCVRP,single_depot,multi_vehicle,1,79890.0953,79857.0579,0.4294,0.0,2.0,4,0.98,0.5602,1.0,89,0,,success
or-tools,twvrp_200_single_depot__1,200,TWCVRP,single_depot,multi_vehicle,2,79888.9106,79857.0579,0.4294,0.0,2.0,4,0.98,0.5602,1.0,89,0,,success
or-tools,twvrp_200_single_depot__1,200,TWCVRP,single_depot,multi_vehicle,3,79890.2485,79857.0579,0.4294,0.0,2.0,4,0.98,0.5602,1.0,89,0,,success
or-tools,twvrp_200_single_depot__1,200,TWCVRP,single_depot,multi_vehicle,4,79888.9889,79857.0579,0.4294,0.0,2.0,4,0.98,0.5602,1.0,89,0,,success
nn2opt,twvrp_200_single_depot__1,200,TWCVRP,single_depot,multi_vehicle,0,79890.6626,79857.0579,0.1312,0.0,2.0,4,0.98,0.5602,1.0,89,0,,success
nn2opt,twvrp_200_single_depot__1,200,TWCVRP,single_depot,multi_vehicle,1,79890.0953,79857.0579,0.1312,0.0,2.0,4,0.98,0.5602,1.0,89,0,,success
nn2opt,twvrp_200_single_depot__1,200,TWCVRP,single_depot,multi_vehicle,2,79888.9106,79857.0579,0.1312,0.0,2.0,4,0.98,0.5602,1.0,89,0,,success
nn2opt,twvrp_200_single_depot__1,200,TWCVRP,single_depot,multi_vehicle,3,79890.2485,79857.0579,0.1312,0.0,2.0,4,0.98,0.5602,1.0,89,0,,success
nn2opt,twvrp_200_single_depot__1,200,TWCVRP,single_depot,multi_vehicle,4,79888.9889,79857.0579,0.1312,0.0,2.0,4,0.98,0.5602,1.0,89,0,,success
DSS,twvrp_200_single_depot__2,200,TWCVRP,single_depot,multi_vehicle,0,53441.5924,53413.6148,16.033,0.0,1.5,3,0.985,0.8778,1.0,59,3,,success
DSS,twvrp_200_single_depot__2,200,TWCVRP,single_depot,multi_vehicle,1,53440.7612,53413.6148,16.033,0.0,1.5,3,0.985,0.8778,1.0,59,3,,success
DSS,twvrp_200_single_depot__2,200,TWCVRP,single_depot,multi_vehicle,2,53441.3883,53413.6148,16.033,0.0,1.5,3,0.985,0.8778,1.0,59,3,,success
DSS,twvrp_200_single_depot__2,200,TWCVRP,single_depot,multi_vehicle,3,53441.3481,53413.6148,16.033,0.0,1.5,3,0.985,0.8778,1.0,59,3,,success
DSS,twvrp_200_single_depot__2,200,TWCVRP,single_depot,multi_vehicle,4,53441.3692,53413.6148,16.033,0.0,1.5,3,0.985,0.8778,1.0,59,3,,success
or-tools-tw,twvrp_200_single_depot__2,200,TWCVRP,single_depot,multi_vehicle,0,52744.4387,52717.0211,16.0166,0.0,1.5,3,0.985,0.8778,1.0,59,3,,success
or-tools-tw,twvrp_200_single_depot__2,200,TWCVRP,single_depot,multi_vehicle,1,52744.0454,52717.0211,16.0166,0.0,1.5,3,0.985,0.8778,1.0,59,3,,success
or-tools-tw,twvrp_200_single_depot__2,200,TWCVRP,single_depot,multi_vehicle,2,52744.6601,52717.0211,16.0166,0.0,1.5,3,0.985,0.8778,1.0,59,3,,success
or-tools-tw,twvrp_200_single_depot__2,200,TWCVRP,single_depot,multi_vehicle,3,52744.1614,52717.0211,16.0166,0.0,1.5,3,0.985,0.8778,1.0,59,3,,success
or-tools-tw,twvrp_200_single_depot__2,200,TWCVRP,single_depot,multi_vehicle,4,52744.0565,52717.0211,16.0166,0.0,1.5,3,0.985,0.8778,1.0,59,3,,success
or-tools,twvrp_200_single_depot__2,200,TWCVRP,single_depot,multi_vehicle,0,72282.6086,72252.0576,0.4276,0.0,1.5,3,0.985,0.6639,1.0,78,0,,success
or-tools,twvrp_200_single_depot__2,200,TWCVRP,single_depot,multi_vehicle,1,72282.7621,72252.0576,0.4276,0.0,1.5,3,0.985,0.6639,1.0,78,0,,success
or-tools,twvrp_200_single_depot__2,200,TWCVRP,single_depot,multi_vehicle,2,72283.2765,72252.0576,0.4276,0.0,1.5,3,0.985,0.6639,1.0,78,0,,success
or-tools,twvrp_200_single_depot__2,200,TWCVRP,single_depot,multi_vehicle,3,72283.0247,72252.0576,0.4276,0.0,1.5,3,0.985,0.6639,1.0,78,0,,success
or-tools,twvrp_200_single_depot__2,200,TWCVRP,single_depot,multi_vehicle,4,72282.6747,72252.0576,0.4276,0.0,1.5,3,0.985,0.6639,1.0,78,0,,success
nn2opt,twvrp_200_single_depot__2,200,TWCVRP,single_depot,multi_vehicle,0,72282.6086,72252.0576,0.1278,0.0,1.5,3,0.985,0.6639,1.0,78,0,,success
nn2opt,twvrp_200_single_depot__2,200,TWCVRP,single_depot,multi_vehicle,1,72282.7621,72252.0576,0.1278,0.0,1.5,3,0.985,0.6639,1.0,78,0,,success
nn2opt,twvrp_200_single_depot__2,200,TWCVRP,single_depot,multi_vehicle,2,72283.2765,72252.0576,0.1278,0.0,1.5,3,0.985,0.6639,1.0,78,0,,success
nn2opt,twvrp_200_single_depot__2,200,TWCVRP,single_depot,multi_vehicle,3,72283.0247,72252.0576,0.1278,0.0,1.5,3,0.985,0.6639,1.0,78,0,,success
nn2opt,twvrp_200_single_depot__2,200,TWCVRP,single_depot,multi_vehicle,4,72282.6747,72252.0576,0.1278,0.0,1.5,3,0.985,0.6639,1.0,78,0,,success
DSS,twvrp_200_single_depot__3,200,TWCVRP,single_depot,multi_vehicle,0,56323.0375,56294.0361,16.0327,0.0,2.5,5,0.975,0.8726,1.0,63,5,,success
DSS,twvrp_200_single_depot__3,200,TWCVRP,single_depot,multi_vehicle,1,56322.6503,56294.0361,16.0327,0.0,2.5,5,0.975,0.8726,1.0,63,5,,success
DSS,twvrp_200_single_depot__3,200,TWCVRP,single_depot,multi_vehicle,2,56322.539,56294.0361,16.0327,0.0,2.5,5,0.975,0.8726,1.0,63,5,,success
DSS,twvrp_200_single_depot__3,200,TWCVRP,single_depot,multi_vehicle,3,56322.879,56294.0361,16.0327,0.0,2.5,5,0.975,0.8726,1.0,63,5,,success
DSS,twvrp_200_single_depot__3,200,TWCVRP,single_depot,multi_vehicle,4,56322.8686,56294.0361,16.0327,0.0,2.5,5,0.975,0.8726,1.0,63,5,,success
or-tools-tw,twvrp_200_single_depot__3,200,TWCVRP,single_depot,multi_vehicle,0,57300.4614,57271.6135,16.0016,0.0,2.5,5,0.975,0.859,1.0,64,5,,success
or-tools-tw,twvrp_200_single_depot__3,200,TWCVRP,single_depot,multi_vehicle,1,57300.5402,57271.6135,16.0016,0.0,2.5,5,0.975,0.859,1.0,64,5,,success
or-tools-tw,twvrp_200_single_depot__3,200,TWCVRP,single_depot,multi_vehicle,2,57300.1262,57271.6135,16.0016,0.0,2.5,5,0.975,0.859,1.0,64,5,,success
or-tools-tw,twvrp_200_single_depot__3,200,TWCVRP,single_depot,multi_vehicle,3,57300.3876,57271.6135,16.0016,0.0,2.5,5,0.975,0.859,1.0,64,5,,success
or-tools-tw,twvrp_200_single_depot__3,200,TWCVRP,single_depot,multi_vehicle,4,57300.3692,57271.6135,16.0016,0.0,2.5,5,0.975,0.859,1.0,64,5,,success
or-tools,twvrp_200_single_depot__3,200,TWCVRP,single_depot,multi_vehicle,0,79880.0457,79847.4282,0.4292,0.0,2.5,5,0.975,0.6319,1.0,87,0,,success
or-tools,twvrp_200_single_depot__3,200,TWCVRP,single_depot,multi_vehicle,1,79880.652,79847.4282,0.4292,0.0,2.5,5,0.975,0.6319,1.0,87,0,,success
or-tools,twvrp_200_single_depot__3,200,TWCVRP,single_depot,multi_vehicle,2,79879.6169,79847.4282,0.4292,0.0,2.5,5,0.975,0.6319,1.0,87,0,,success
or-tools,twvrp_200_single_depot__3,200,TWCVRP,single_depot,multi_vehicle,3,79880.4078,79847.4282,0.4292,0.0,2.5,5,0.975,0.6319,1.0,87,0,,success
or-tools,twvrp_200_single_depot__3,200,TWCVRP,single_depot,multi_vehicle,4,79880.5011,79847.4282,0.4292,0.0,2.5,5,0.975,0.6319,1.0,87,0,,success
nn2opt,twvrp_200_single_depot__3,200,TWCVRP,single_depot,multi_vehicle,0,79880.0457,79847.4282,0.1304,0.0,2.5,5,0.975,0.6319,1.0,87,0,,success
nn2opt,twvrp_200_single_depot__3,200,TWCVRP,single_depot,multi_vehicle,1,79880.652,79847.4282,0.1304,0.0,2.5,5,0.975,0.6319,1.0,87,0,,success
nn2opt,twvrp_200_single_depot__3,200,TWCVRP,single_depot,multi_vehicle,2,79879.6169,79847.4282,0.1304,0.0,2.5,5,0.975,0.6319,1.0,87,0,,success
nn2opt,twvrp_200_single_depot__3,200,TWCVRP,single_depot,multi_vehicle,3,79880.4078,79847.4282,0.1304,0.0,2.5,5,0.975,0.6319,1.0,87,0,,success
nn2opt,twvrp_200_single_depot__3,200,TWCVRP,single_depot,multi_vehicle,4,79880.5011,79847.4282,0.1304,0.0,2.5,5,0.975,0.6319,1.0,87,0,,success
DSS,twvrp_200_single_depot__4,200,TWCVRP,single_depot,multi_vehicle,0,56221.205,56192.1549,16.0431,0.0,2.0,4,0.98,0.9005,1.0,62,3,,success
DSS,twvrp_200_single_depot__4,200,TWCVRP,single_depot,multi_vehicle,1,56220.7311,56192.1549,16.0431,0.0,2.0,4,0.98,0.9005,1.0,62,3,,success
DSS,twvrp_200_single_depot__4,200,TWCVRP,single_depot,multi_vehicle,2,56220.2193,56192.1549,16.0431,0.0,2.0,4,0.98,0.9005,1.0,62,3,,success
DSS,twvrp_200_single_depot__4,200,TWCVRP,single_depot,multi_vehicle,3,56220.8745,56192.1549,16.0431,0.0,2.0,4,0.98,0.9005,1.0,62,3,,success
DSS,twvrp_200_single_depot__4,200,TWCVRP,single_depot,multi_vehicle,4,56220.2561,56192.1549,16.0431,0.0,2.0,4,0.98,0.9005,1.0,62,3,,success
or-tools-tw,twvrp_200_single_depot__4,200,TWCVRP,single_depot,multi_vehicle,0,55421.4535,55392.182,16.0023,0.0,1.5,3,0.985,0.9005,1.0,62,3,,success
or-tools-tw,twvrp_200_single_depot__4,200,TWCVRP,single_depot,multi_vehicle,1,55420.425,55392.182,16.0023,0.0,1.5,3,0.985,0.9005,1.0,62,3,,success
or-tools-tw,twvrp_200_single_depot__4,200,TWCVRP,single_depot,multi_vehicle,2,55420.2307,55392.182,16.0023,0.0,1.5,3,0.985,0.9005,1.0,62,3,,success
or-tools-tw,twvrp_200_single_depot__4,200,TWCVRP,single_depot,multi_vehicle,3,55421.091,55392.182,16.0023,0.0,1.5,3,0.985,0.9005,1.0,62,3,,success
or-tools-tw,twvrp_200_single_depot__4,200,TWCVRP,single_depot,multi_vehicle,4,55419.9642,55392.182,16.0023,0.0,1.5,3,0.985,0.9005,1.0,62,3,,success
or-tools,twvrp_200_single_depot__4,200,TWCVRP,single_depot,multi_vehicle,0,79511.1899,79477.6921,0.4223,0.0,1.5,3,0.985,0.6345,1.0,88,0,,success
or-tools,twvrp_200_single_depot__4,200,TWCVRP,single_depot,multi_vehicle,1,79510.6024,79477.6921,0.4223,0.0,1.5,3,0.985,0.6345,1.0,88,0,,success
or-tools,twvrp_200_single_depot__4,200,TWCVRP,single_depot,multi_vehicle,2,79509.258,79477.6921,0.4223,0.0,1.5,3,0.985,0.6345,1.0,88,0,,success
or-tools,twvrp_200_single_depot__4,200,TWCVRP,single_depot,multi_vehicle,3,79510.3032,79477.6921,0.4223,0.0,1.5,3,0.985,0.6345,1.0,88,0,,success
or-tools,twvrp_200_single_depot__4,200,TWCVRP,single_depot,multi_vehicle,4,79510.0043,79477.6921,0.4223,0.0,1.5,3,0.985,0.6345,1.0,88,0,,success
nn2opt,twvrp_200_single_depot__4,200,TWCVRP,single_depot,multi_vehicle,0,79511.1899,79477.6921,0.1294,0.0,1.5,3,0.985,0.6345,1.0,88,0,,success
nn2opt,twvrp_200_single_depot__4,200,TWCVRP,single_depot,multi_vehicle,1,79510.6024,79477.6921,0.1294,0.0,1.5,3,0.985,0.6345,1.0,88,0,,success
nn2opt,twvrp_200_single_depot__4,200,TWCVRP,single_depot,multi_vehicle,2,79509.258,79477.6921,0.1294,0.0,1.5,3,0.985,0.6345,1.0,88,0,,success
nn2opt,twvrp_200_single_depot__4,200,TWCVRP,single_depot,multi_vehicle,3,79510.3032,79477.6921,0.1294,0.0,1.5,3,0.985,0.6345,1.0,88,0,,success
nn2opt,twvrp_200_single_depot__4,200,TWCVRP,single_depot,multi_vehicle,4,79510.0043,79477.6921,0.1294,0.0,1.5,3,0.985,0.6345,1.0,88,0,,success
DSS,twvrp_200_single_depot__5,200,TWCVRP,single_depot,multi_vehicle,0,50065.8649,50039.3586,16.032,0.0,2.0,4,0.98,0.8568,1.0,56,4,,success
DSS,twvrp_200_single_depot__5,200,TWCVRP,single_depot,multi_vehicle,1,50066.713,50039.3586,16.032,0.0,2.0,4,0.98,0.8568,1.0,56,4,,success
DSS,twvrp_200_single_depot__5,200,TWCVRP,single_depot,multi_vehicle,2,50066.555,50039.3586,16.032,0.0,2.0,4,0.98,0.8568,1.0,56,4,,success
DSS,twvrp_200_single_depot__5,200,TWCVRP,single_depot,multi_vehicle,3,50066.3553,50039.3586,16.032,0.0,2.0,4,0.98,0.8568,1.0,56,4,,success
DSS,twvrp_200_single_depot__5,200,TWCVRP,single_depot,multi_vehicle,4,50065.9414,50039.3586,16.032,0.0,2.0,4,0.98,0.8568,1.0,56,4,,success
or-tools-tw,twvrp_200_single_depot__5,200,TWCVRP,single_depot,multi_vehicle,0,49363.4279,49336.9315,16.0022,0.0,2.0,4,0.98,0.8568,1.0,56,4,,success
or-tools-tw,twvrp_200_single_depot__5,200,TWCVRP,single_depot,multi_vehicle,1,49364.7077,49336.9315,16.0022,0.0,2.0,4,0.98,0.8568,1.0,56,4,,success
or-tools-tw,twvrp_200_single_depot__5,200,TWCVRP,single_depot,multi_vehicle,2,49364.1355,49336.9315,16.0022,0.0,2.0,4,0.98,0.8568,1.0,56,4,,success
or-tools-tw,twvrp_200_single_depot__5,200,TWCVRP,single_depot,multi_vehicle,3,49363.8938,49336.9315,16.0022,0.0,2.0,4,0.98,0.8568,1.0,56,4,,success
or-tools-tw,twvrp_200_single_depot__5,200,TWCVRP,single_depot,multi_vehicle,4,49363.7373,49336.9315,16.0022,0.0,2.0,4,0.98,0.8568,1.0,56,4,,success
or-tools,twvrp_200_single_depot__5,200,TWCVRP,single_depot,multi_vehicle,0,73315.506,73284.4448,0.4208,0.0,2.0,4,0.98,0.5997,1.0,80,0,,success
or-tools,twvrp_200_single_depot__5,200,TWCVRP,single_depot,multi_vehicle,1,73316.389,73284.4448,0.4208,0.0,2.0,4,0.98,0.5997,1.0,80,0,,success
or-tools,twvrp_200_single_depot__5,200,TWCVRP,single_depot,multi_vehicle,2,73316.3865,73284.4448,0.4208,0.0,2.0,4,0.98,0.5997,1.0,80,0,,success
or-tools,twvrp_200_single_depot__5,200,TWCVRP,single_depot,multi_vehicle,3,73316.2623,73284.4448,0.4208,0.0,2.0,4,0.98,0.5997,1.0,80,0,,success
or-tools,twvrp_200_single_depot__5,200,TWCVRP,single_depot,multi_vehicle,4,73315.0987,73284.4448,0.4208,0.0,2.0,4,0.98,0.5997,1.0,80,0,,success
nn2opt,twvrp_200_single_depot__5,200,TWCVRP,single_depot,multi_vehicle,0,73315.506,73284.4448,0.1301,0.0,2.0,4,0.98,0.5997,1.0,80,0,,success
nn2opt,twvrp_200_single_depot__5,200,TWCVRP,single_depot,multi_vehicle,1,73316.389,73284.4448,0.1301,0.0,2.0,4,0.98,0.5997,1.0,80,0,,success
nn2opt,twvrp_200_single_depot__5,200,TWCVRP,single_depot,multi_vehicle,2,73316.3865,73284.4448,0.1301,0.0,2.0,4,0.98,0.5997,1.0,80,0,,success
nn2opt,twvrp_200_single_depot__5,200,TWCVRP,single_depot,multi_vehicle,3,73316.2623,73284.4448,0.1301,0.0,2.0,4,0.98,0.5997,1.0,80,0,,success
nn2opt,twvrp_200_single_depot__5,200,TWCVRP,single_depot,multi_vehicle,4,73315.0987,73284.4448,0.1301,0.0,2.0,4,0.98,0.5997,1.0,80,0,,success
DSS,twvrp_200_single_depot__6,200,TWCVRP,single_depot,multi_vehicle,0,53231.3072,53203.285,16.0314,0.0,2.0,4,0.98,0.8701,1.0,62,3,,success
DSS,twvrp_200_single_depot__6,200,TWCVRP,single_depot,multi_vehicle,1,53232.153,53203.285,16.0314,0.0,2.0,4,0.98,0.8701,1.0,62,3,,success
DSS,twvrp_200_single_depot__6,200,TWCVRP,single_depot,multi_vehicle,2,53232.156,53203.285,16.0314,0.0,2.0,4,0.98,0.8701,1.0,62,3,,success
DSS,twvrp_200_single_depot__6,200,TWCVRP,single_depot,multi_vehicle,3,53230.9241,53203.285,16.0314,0.0,2.0,4,0.98,0.8701,1.0,62,3,,success
DSS,twvrp_200_single_depot__6,200,TWCVRP,single_depot,multi_vehicle,4,53231.2308,53203.285,16.0314,0.0,2.0,4,0.98,0.8701,1.0,62,3,,success
or-tools-tw,twvrp_200_single_depot__6,200,TWCVRP,single_depot,multi_vehicle,0,53173.3512,53145.2489,16.0024,0.0,3.0,6,0.975,0.8701,1.0,62,3,,success
or-tools-tw,twvrp_200_single_depot__6,200,TWCVRP,single_depot,multi_vehicle,1,53173.8768,53145.2489,16.0024,0.0,3.0,6,0.975,0.8701,1.0,62,3,,success
or-tools-tw,twvrp_200_single_depot__6,200,TWCVRP,single_depot,multi_vehicle,2,53174.0597,53145.2489,16.0024,0.0,3.0,6,0.975,0.8701,1.0,62,3,,success
or-tools-tw,twvrp_200_single_depot__6,200,TWCVRP,single_depot,multi_vehicle,3,53172.5297,53145.2489,16.0024,0.0,3.0,6,0.975,0.8701,1.0,62,3,,success
or-tools-tw,twvrp_200_single_depot__6,200,TWCVRP,single_depot,multi_vehicle,4,53172.8924,53145.2489,16.0024,0.0,3.0,6,0.975,0.8701,1.0,62,3,,success
or-tools,twvrp_200_single_depot__6,200,TWCVRP,single_depot,multi_vehicle,0,74189.2331,74156.7598,0.409,0.0,1.5,3,0.985,0.6499,1.0,83,0,,success
or-tools,twvrp_200_single_depot__6,200,TWCVRP,single_depot,multi_vehicle,1,74189.8049,74156.7598,0.409,0.0,1.5,3,0.985,0.6499,1.0,83,0,,success
or-tools,twvrp_200_single_depot__6,200,TWCVRP,single_depot,multi_vehicle,2,74189.9337,74156.7598,0.409,0.0,1.5,3,0.985,0.6499,1.0,83,0,,success
or-tools,twvrp_200_single_depot__6,200,TWCVRP,single_depot,multi_vehicle,3,74188.4607,74156.7598,0.409,0.0,1.5,3,0.985,0.6499,1.0,83,0,,success
or-tools,twvrp_200_single_depot__6,200,TWCVRP,single_depot,multi_vehicle,4,74188.8631,74156.7598,0.409,0.0,1.5,3,0.985,0.6499,1.0,83,0,,success
nn2opt,twvrp_200_single_depot__6,200,TWCVRP,single_depot,multi_vehicle,0,74189.2331,74156.7598,0.1283,0.0,1.5,3,0.985,0.6499,1.0,83,0,,success
nn2opt,twvrp_200_single_depot__6,200,TWCVRP,single_depot,multi_vehicle,1,74189.8049,74156.7598,0.1283,0.0,1.5,3,0.985,0.6499,1.0,83,0,,success
nn2opt,twvrp_200_single_depot__6,200,TWCVRP,single_depot,multi_vehicle,2,74189.9337,74156.7598,0.1283,0.0,1.5,3,0.985,0.6499,1.0,83,0,,success
nn2opt,twvrp_200_single_depot__6,200,TWCVRP,single_depot,multi_vehicle,3,74188.4607,74156.7598,0.1283,0.0,1.5,3,0.985,0.6499,1.0,83,0,,success
nn2opt,twvrp_200_single_depot__6,200,TWCVRP,single_depot,multi_vehicle,4,74188.8631,74156.7598,0.1283,0.0,1.5,3,0.985,0.6499,1.0,83,0,,success
DSS,twvrp_200_single_depot__7,200,TWCVRP,single_depot,multi_vehicle,0,46066.8715,46041.7499,16.0319,0.0,1.5,3,0.985,0.8462,1.0,52,3,,success
DSS,twvrp_200_single_depot__7,200,TWCVRP,single_depot,multi_vehicle,1,46067.9551,46041.7499,16.0319,0.0,1.5,3,0.985,0.8462,1.0,52,3,,success
DSS,twvrp_200_single_depot__7,200,TWCVRP,single_depot,multi_vehicle,2,46067.6742,46041.7499,16.0319,0.0,1.5,3,0.985,0.8462,1.0,52,3,,success
DSS,twvrp_200_single_depot__7,200,TWCVRP,single_depot,multi_vehicle,3,46067.8753,46041.7499,16.0319,0.0,1.5,3,0.985,0.8462,1.0,52,3,,success
DSS,twvrp_200_single_depot__7,200,TWCVRP,single_depot,multi_vehicle,4,46067.5708,46041.7499,16.0319,0.0,1.5,3,0.985,0.8462,1.0,52,3,,success
or-tools-tw,twvrp_200_single_depot__7,200,TWCVRP,single_depot,multi_vehicle,0,44919.8495,44895.1295,16.0021,0.0,2.0,4,0.98,0.8627,1.0,51,3,,success
or-tools-tw,twvrp_200_single_depot__7,200,TWCVRP,single_depot,multi_vehicle,1,44920.6802,44895.1295,16.0021,0.0,2.0,4,0.98,0.8627,1.0,51,3,,success
or-tools-tw,twvrp_200_single_depot__7,200,TWCVRP,single_depot,multi_vehicle,2,44920.377,44895.1295,16.0021,0.0,2.0,4,0.98,0.8627,1.0,51,3,,success
or-tools-tw,twvrp_200_single_depot__7,200,TWCVRP,single_depot,multi_vehicle,3,44920.4566,44895.1295,16.0021,0.0,2.0,4,0.98,0.8627,1.0,51,3,,success
or-tools-tw,twvrp_200_single_depot__7,200,TWCVRP,single_depot,multi_vehicle,4,44920.107,44895.1295,16.0021,0.0,2.0,4,0.98,0.8627,1.0,51,3,,success
or-tools,twvrp_200_single_depot__7,200,TWCVRP,single_depot,multi_vehicle,0,79006.3098,78974.141,0.4221,0.0,1.5,3,0.985,0.4889,1.0,90,0,,success
or-tools,twvrp_200_single_depot__7,200,TWCVRP,single_depot,multi_vehicle,1,79007.4564,78974.141,0.4221,0.0,1.5,3,0.985,0.4889,1.0,90,0,,success
or-tools,twvrp_200_single_depot__7,200,TWCVRP,single_depot,multi_vehicle,2,79006.67,78974.141,0.4221,0.0,1.5,3,0.985,0.4889,1.0,90,0,,success
or-tools,twvrp_200_single_depot__7,200,TWCVRP,single_depot,multi_vehicle,3,79007.6544,78974.141,0.4221,0.0,1.5,3,0.985,0.4889,1.0,90,0,,success
or-tools,twvrp_200_single_depot__7,200,TWCVRP,single_depot,multi_vehicle,4,79007.28,78974.141,0.4221,0.0,1.5,3,0.985,0.4889,1.0,90,0,,success
nn2opt,twvrp_200_single_depot__7,200,TWCVRP,single_depot,multi_vehicle,0,78940.1042,78907.9182,0.1317,0.0,1.5,3,0.985,0.4889,1.0,90,0,,success
nn2opt,twvrp_200_single_depot__7,200,TWCVRP,single_depot,multi_vehicle,1,78941.2381,78907.9182,0.1317,0.0,1.5,3,0.985,0.4889,1.0,90,0,,success
nn2opt,twvrp_200_single_depot__7,200,TWCVRP,single_depot,multi_vehicle,2,78940.4668,78907.9182,0.1317,0.0,1.5,3,0.985,0.4889,1.0,90,0,,success
nn2opt,twvrp_200_single_depot__7,200,TWCVRP,single_depot,multi_vehicle,3,78941.341,78907.9182,0.1317,0.0,1.5,3,0.985,0.4889,1.0,90,0,,success
nn2opt,twvrp_200_single_depot__7,200,TWCVRP,single_depot,multi_vehicle,4,78941.0721,78907.9182,0.1317,0.0,1.5,3,0.985,0.4889,1.0,90,0,,success
DSS,twvrp_200_single_depot__8,200,TWCVRP,single_depot,multi_vehicle,0,53027.3171,52999.5227,16.0314,0.0,2.0,4,0.98,0.837,1.0,62,3,,success
DSS,twvrp_200_single_depot__8,200,TWCVRP,single_depot,multi_vehicle,1,53027.0463,52999.5227,16.0314,0.0,2.0,4,0.98,0.837,1.0,62,3,,success
DSS,twvrp_200_single_depot__8,200,TWCVRP,single_depot,multi_vehicle,2,53027.4582,52999.5227,16.0314,0.0,2.0,4,0.98,0.837,1.0,62,3,,success
DSS,twvrp_200_single_depot__8,200,TWCVRP,single_depot,multi_vehicle,3,53026.8892,52999.5227,16.0314,0.0,2.0,4,0.98,0.837,1.0,62,3,,success
DSS,twvrp_200_single_depot__8,200,TWCVRP,single_depot,multi_vehicle,4,53027.4789,52999.5227,16.0314,0.0,2.0,4,0.98,0.837,1.0,62,3,,success
or-tools-tw,twvrp_200_single_depot__8,200,TWCVRP,single_depot,multi_vehicle,0,51137.3546,51109.7442,16.003,0.0,2.5,5,0.975,0.8795,1.0,59,3,,success
or-tools-tw,twvrp_200_single_depot__8,200,TWCVRP,single_depot,multi_vehicle,1,51136.9113,51109.7442,16.003,0.0,2.5,5,0.975,0.8795,1.0,59,3,,success
or-tools-tw,twvrp_200_single_depot__8,200,TWCVRP,single_depot,multi_vehicle,2,51137.5113,51109.7442,16.003,0.0,2.5,5,0.975,0.8795,1.0,59,3,,success
or-tools-tw,twvrp_200_single_depot__8,200,TWCVRP,single_depot,multi_vehicle,3,51136.904,51109.7442,16.003,0.0,2.5,5,0.975,0.8795,1.0,59,3,,success
or-tools-tw,twvrp_200_single_depot__8,200,TWCVRP,single_depot,multi_vehicle,4,51137.5119,51109.7442,16.003,0.0,2.5,5,0.975,0.8795,1.0,59,3,,success
or-tools,twvrp_200_single_depot__8,200,TWCVRP,single_depot,multi_vehicle,0,74982.4731,74950.3969,0.4203,0.0,1.5,3,0.985,0.6105,1.0,85,0,,success
or-tools,twvrp_200_single_depot__8,200,TWCVRP,single_depot,multi_vehicle,1,74982.3125,74950.3969,0.4203,0.0,1.5,3,0.985,0.6105,1.0,85,0,,success
or-tools,twvrp_200_single_depot__8,200,TWCVRP,single_depot,multi_vehicle,2,74982.2494,74950.3969,0.4203,0.0,1.5,3,0.985,0.6105,1.0,85,0,,success
or-tools,twvrp_200_single_depot__8,200,TWCVRP,single_depot,multi_vehicle,3,74981.8944,74950.3969,0.4203,0.0,1.5,3,0.985,0.6105,1.0,85,0,,success
or-tools,twvrp_200_single_depot__8,200,TWCVRP,single_depot,multi_vehicle,4,74982.6924,74950.3969,0.4203,0.0,1.5,3,0.985,0.6105,1.0,85,0,,success
nn2opt,twvrp_200_single_depot__8,200,TWCVRP,single_depot,multi_vehicle,0,74982.4731,74950.3969,0.1329,0.0,1.5,3,0.985,0.6105,1.0,85,0,,success
nn2opt,twvrp_200_single_depot__8,200,TWCVRP,single_depot,multi_vehicle,1,74982.3125,74950.3969,0.1329,0.0,1.5,3,0.985,0.6105,1.0,85,0,,success
nn2opt,twvrp_200_single_depot__8,200,TWCVRP,single_depot,multi_vehicle,2,74982.2494,74950.3969,0.1329,0.0,1.5,3,0.985,0.6105,1.0,85,0,,success
nn2opt,twvrp_200_single_depot__8,200,TWCVRP,single_depot,multi_vehicle,3,74981.8944,74950.3969,0.1329,0.0,1.5,3,0.985,0.6105,1.0,85,0,,success
nn2opt,twvrp_200_single_depot__8,200,TWCVRP,single_depot,multi_vehicle,4,74982.6924,74950.3969,0.1329,0.0,1.5,3,0.985,0.6105,1.0,85,0,,success
DSS,twvrp_200_single_depot__9,200,TWCVRP,single_depot,multi_vehicle,0,54162.3611,54135.1711,16.0332,0.0,2.5,5,0.975,0.8507,1.0,61,5,,success
DSS,twvrp_200_single_depot__9,200,TWCVRP,single_depot,multi_vehicle,1,54163.6685,54135.1711,16.0332,0.0,2.5,5,0.975,0.8507,1.0,61,5,,success
DSS,twvrp_200_single_depot__9,200,TWCVRP,single_depot,multi_vehicle,2,54163.2221,54135.1711,16.0332,0.0,3.0,6,0.975,0.8507,1.0,61,5,,success
DSS,twvrp_200_single_depot__9,200,TWCVRP,single_depot,multi_vehicle,3,54163.7709,54135.1711,16.0332,0.0,2.5,5,0.975,0.8507,1.0,61,5,,success
DSS,twvrp_200_single_depot__9,200,TWCVRP,single_depot,multi_vehicle,4,54162.7821,54135.1711,16.0332,0.0,3.0,6,0.975,0.8507,1.0,61,5,,success
or-tools-tw,twvrp_200_single_depot__9,200,TWCVRP,single_depot,multi_vehicle,0,51137.5127,51111.0437,16.0021,0.0,3.0,6,0.97,0.8649,1.0,60,5,,success
or-tools-tw,twvrp_200_single_depot__9,200,TWCVRP,single_depot,multi_vehicle,1,51138.8981,51111.0437,16.0021,0.0,3.0,6,0.97,0.8649,1.0,60,5,,success
or-tools-tw,twvrp_200_single_depot__9,200,TWCVRP,single_depot,multi_vehicle,2,51138.4733,51111.0437,16.0021,0.0,3.0,6,0.97,0.8649,1.0,60,5,,success
or-tools-tw,twvrp_200_single_depot__9,200,TWCVRP,single_depot,multi_vehicle,3,51138.9505,51111.0437,16.0021,0.0,3.0,6,0.97,0.8649,1.0,60,5,,success
or-tools-tw,twvrp_200_single_depot__9,200,TWCVRP,single_depot,multi_vehicle,4,51138.1165,51111.0437,16.0021,0.0,3.0,6,0.97,0.8649,1.0,60,5,,success
or-tools,twvrp_200_single_depot__9,200,TWCVRP,single_depot,multi_vehicle,0,73920.0681,73888.8972,0.4212,0.0,2.5,5,0.975,0.6252,1.0,83,0,,success
or-tools,twvrp_200_single_depot__9,200,TWCVRP,single_depot,multi_vehicle,1,73921.3918,73888.8972,0.4212,0.0,2.5,5,0.975,0.6252,1.0,83,0,,success
or-tools,twvrp_200_single_depot__9,200,TWCVRP,single_depot,multi_vehicle,2,73920.5481,73888.8972,0.4212,0.0,2.5,5,0.975,0.6252,1.0,83,0,,success
or-tools,twvrp_200_single_depot__9,200,TWCVRP,single_depot,multi_vehicle,3,73921.4358,73888.8972,0.4212,0.0,2.5,5,0.975,0.6252,1.0,83,0,,success
or-tools,twvrp_200_single_depot__9,200,TWCVRP,single_depot,multi_vehicle,4,73920.2787,73888.8972,0.4212,0.0,2.5,5,0.975,0.6252,1.0,83,0,,success
nn2opt,twvrp_200_single_depot__9,200,TWCVRP,single_depot,multi_vehicle,0,73920.0681,73888.8972,0.1286,0.0,2.5,5,0.975,0.6252,1.0,83,0,,success
nn2opt,twvrp_200_single_depot__9,200,TWCVRP,single_depot,multi_vehicle,1,73921.3918,73888.8972,0.1286,0.0,2.5,5,0.975,0.6252,1.0,83,0,,success
nn2opt,twvrp_200_single_depot__9,200,TWCVRP,single_depot,multi_vehicle,2,73920.5481,73888.8972,0.1286,0.0,2.5,5,0.975,0.6252,1.0,83,0,,success
nn2opt,twvrp_200_single_depot__9,200,TWCVRP,single_depot,multi_vehicle,3,73921.4358,73888.8972,0.1286,0.0,2.5,5,0.975,0.6252,1.0,83,0,,success
nn2opt,twvrp_200_single_depot__9,200,TWCVRP,single_depot,multi_vehicle,4,73920.2787,73888.8972,0.1286,0.0,2.5,5,0.975,0.6252,1.0,83,0,,success
