model_name,instance_id,instance_size,problem_type,depot_type,vehicle_type,run_id,total_cost,total_distance,total_time,runtime_seconds,feasibility,constraint_violation_rate,time_window_violations,otd_benchmark,vehicle_utilization,demand_fulfillment,robustness_inputs,error_message,status
DSS,twvrp_50_single_depot__0,50,TWCVRP,single_depot,multi_vehicle,0,1016.2072,285.0879,1016.207,10.036,1.0,0.0,0,1.0,0.1,1.0,[1016.2072],,success
DSS,twvrp_50_single_depot__0,50,TWCVRP,single_depot,multi_vehicle,1,1071.2756,285.0879,1071.276,10.036,1.0,0.0,0,1.0,0.1,1.0,[1071.2756],,success
DSS,twvrp_50_single_depot__0,50,TWCVRP,single_depot,multi_vehicle,2,907.7999,285.0879,907.8,10.036,1.0,0.0,0,1.0,0.1,1.0,[907.7999],,success
DSS,twvrp_50_single_depot__0,50,TWCVRP,single_depot,multi_vehicle,3,1028.5969,285.0879,1028.597,10.036,1.0,0.0,0,1.0,0.1,1.0,[1028.5969],,success
DSS,twvrp_50_single_depot__0,50,TWCVRP,single_depot,multi_vehicle,4,924.6148,285.0879,924.615,10.036,1.0,0.0,0,1.0,0.1,1.0,[924.6148],,success
or-tools,twvrp_50_single_depot__0,50,TWCVRP,single_depot,multi_vehicle,0,794.9436,227.1066,794.944,1.0162,1.0,31.25,15,0.6809,1.0,1.0,[794.9436],,success
or-tools,twvrp_50_single_depot__0,50,TWCVRP,single_depot,multi_vehicle,1,783.819,227.1066,783.819,1.0162,1.0,31.25,15,0.6809,1.0,1.0,[783.819],,success
or-tools,twvrp_50_single_depot__0,50,TWCVRP,single_depot,multi_vehicle,2,772.6509,227.1066,772.651,1.0162,1.0,31.25,15,0.6809,1.0,1.0,[772.6509],,success
or-tools,twvrp_50_single_depot__0,50,TWCVRP,single_depot,multi_vehicle,3,732.7838,227.1066,732.784,1.0162,1.0,29.167,14,0.7021,1.0,1.0,[732.7838],,success
or-tools,twvrp_50_single_depot__0,50,TWCVRP,single_depot,multi_vehicle,4,718.7643,227.1066,718.764,1.0162,1.0,20.833,10,0.7872,1.0,1.0,[718.7643],,success
nn2opt,twvrp_50_single_depot__0,50,TWCVRP,single_depot,multi_vehicle,0,865.9021,261.7911,865.902,0.0087,1.0,12.5,6,0.8723,1.0,1.0,[865.9021],,success
nn2opt,twvrp_50_single_depot__0,50,TWCVRP,single_depot,multi_vehicle,1,889.9111,261.7911,889.911,0.0087,1.0,12.5,6,0.8723,1.0,1.0,[889.9111],,success
nn2opt,twvrp_50_single_depot__0,50,TWCVRP,single_depot,multi_vehicle,2,871.0636,261.7911,871.064,0.0087,1.0,14.583,7,0.8511,1.0,1.0,[871.0636],,success
nn2opt,twvrp_50_single_depot__0,50,TWCVRP,single_depot,multi_vehicle,3,849.0918,261.7911,849.092,0.0087,1.0,10.417,5,0.8936,1.0,1.0,[849.0918],,success
nn2opt,twvrp_50_single_depot__0,50,TWCVRP,single_depot,multi_vehicle,4,909.7109,261.7911,909.711,0.0087,1.0,10.417,5,0.8936,1.0,1.0,[909.7109],,success
DSS,twvrp_50_single_depot__1,50,TWCVRP,single_depot,multi_vehicle,0,1060.5115,302.8537,1060.512,10.0053,1.0,0.0,0,1.0,0.0769,1.0,[1060.5115],,success
DSS,twvrp_50_single_depot__1,50,TWCVRP,single_depot,multi_vehicle,1,993.1883,302.8537,993.188,10.0053,1.0,0.0,0,1.0,0.0769,1.0,[993.1883],,success
DSS,twvrp_50_single_depot__1,50,TWCVRP,single_depot,multi_vehicle,2,952.1486,302.8537,952.149,10.0053,1.0,0.0,0,1.0,0.0769,1.0,[952.1486],,success
DSS,twvrp_50_single_depot__1,50,TWCVRP,single_depot,multi_vehicle,3,1099.9636,302.8537,1099.964,10.0053,1.0,0.0,0,1.0,0.0769,1.0,[1099.9636],,success
DSS,twvrp_50_single_depot__1,50,TWCVRP,single_depot,multi_vehicle,4,1030.4754,302.8537,1030.475,10.0053,1.0,0.0,0,1.0,0.0769,1.0,[1030.4754],,success
or-tools,twvrp_50_single_depot__1,50,TWCVRP,single_depot,multi_vehicle,0,836.0286,227.1066,836.029,1.0361,1.0,41.667,20,0.5745,1.0,1.0,[836.0286],,success
or-tools,twvrp_50_single_depot__1,50,TWCVRP,single_depot,multi_vehicle,1,741.4618,227.1066,741.462,1.0361,1.0,29.167,14,0.7021,1.0,1.0,[741.4618],,success
or-tools,twvrp_50_single_depot__1,50,TWCVRP,single_depot,multi_vehicle,2,777.9733,227.1066,777.973,1.0361,1.0,29.167,14,0.7021,1.0,1.0,[777.9733],,success
or-tools,twvrp_50_single_depot__1,50,TWCVRP,single_depot,multi_vehicle,3,753.3358,227.1066,753.336,1.0361,1.0,29.167,14,0.7021,1.0,1.0,[753.3358],,success
or-tools,twvrp_50_single_depot__1,50,TWCVRP,single_depot,multi_vehicle,4,711.2626,227.1066,711.263,1.0361,1.0,22.917,11,0.766,1.0,1.0,[711.2626],,success
nn2opt,twvrp_50_single_depot__1,50,TWCVRP,single_depot,multi_vehicle,0,921.2444,261.7911,921.244,0.008,1.0,10.417,5,0.8936,1.0,1.0,[921.2444],,success
nn2opt,twvrp_50_single_depot__1,50,TWCVRP,single_depot,multi_vehicle,1,915.4114,261.7911,915.411,0.008,1.0,14.583,7,0.8511,1.0,1.0,[915.4114],,success
nn2opt,twvrp_50_single_depot__1,50,TWCVRP,single_depot,multi_vehicle,2,820.2543,261.7911,820.254,0.008,1.0,10.417,5,0.8936,1.0,1.0,[820.2543],,success
nn2opt,twvrp_50_single_depot__1,50,TWCVRP,single_depot,multi_vehicle,3,1023.1528,261.7911,1023.153,0.008,1.0,20.833,10,0.7872,1.0,1.0,[1023.1528],,success
nn2opt,twvrp_50_single_depot__1,50,TWCVRP,single_depot,multi_vehicle,4,888.6725,261.7911,888.672,0.008,1.0,8.333,4,0.9149,1.0,1.0,[888.6725],,success
DSS,twvrp_50_single_depot__2,50,TWCVRP,single_depot,multi_vehicle,0,981.4121,287.9344,981.412,10.0049,1.0,0.0,0,1.0,0.1,1.0,[981.4121],,success
DSS,twvrp_50_single_depot__2,50,TWCVRP,single_depot,multi_vehicle,1,951.1244,287.9344,951.124,10.0049,1.0,0.0,0,1.0,0.1,1.0,[951.1244],,success
DSS,twvrp_50_single_depot__2,50,TWCVRP,single_depot,multi_vehicle,2,864.3776,287.9344,864.378,10.0049,1.0,0.0,0,1.0,0.1,1.0,[864.3776],,success
DSS,twvrp_50_single_depot__2,50,TWCVRP,single_depot,multi_vehicle,3,1062.0507,287.9344,1062.051,10.0049,1.0,0.0,0,1.0,0.1,1.0,[1062.0507],,success
DSS,twvrp_50_single_depot__2,50,TWCVRP,single_depot,multi_vehicle,4,966.4693,287.9344,966.469,10.0049,1.0,0.0,0,1.0,0.1,1.0,[966.4693],,success
or-tools,twvrp_50_single_depot__2,50,TWCVRP,single_depot,multi_vehicle,0,794.8887,227.1066,794.889,1.0156,1.0,33.333,16,0.6596,1.0,1.0,[794.8887],,success
or-tools,twvrp_50_single_depot__2,50,TWCVRP,single_depot,multi_vehicle,1,784.6168,227.1066,784.617,1.0156,1.0,33.333,16,0.6596,1.0,1.0,[784.6168],,success
or-tools,twvrp_50_single_depot__2,50,TWCVRP,single_depot,multi_vehicle,2,798.26,227.1066,798.26,1.0156,1.0,33.333,16,0.6596,1.0,1.0,[798.26],,success
or-tools,twvrp_50_single_depot__2,50,TWCVRP,single_depot,multi_vehicle,3,839.6203,227.1066,839.62,1.0156,1.0,41.667,20,0.5745,1.0,1.0,[839.6203],,success
or-tools,twvrp_50_single_depot__2,50,TWCVRP,single_depot,multi_vehicle,4,792.9707,227.1066,792.971,1.0156,1.0,31.25,15,0.6809,1.0,1.0,[792.9707],,success
nn2opt,twvrp_50_single_depot__2,50,TWCVRP,single_depot,multi_vehicle,0,920.3091,261.7911,920.309,0.0079,1.0,12.5,6,0.8723,1.0,1.0,[920.3091],,success
nn2opt,twvrp_50_single_depot__2,50,TWCVRP,single_depot,multi_vehicle,1,952.6071,261.7911,952.607,0.0079,1.0,16.667,8,0.8298,1.0,1.0,[952.6071],,success
nn2opt,twvrp_50_single_depot__2,50,TWCVRP,single_depot,multi_vehicle,2,828.9934,261.7911,828.993,0.0079,1.0,10.417,5,0.8936,1.0,1.0,[828.9934],,success
nn2opt,twvrp_50_single_depot__2,50,TWCVRP,single_depot,multi_vehicle,3,846.2519,261.7911,846.252,0.0079,1.0,10.417,5,0.8936,1.0,1.0,[846.2519],,success
nn2opt,twvrp_50_single_depot__2,50,TWCVRP,single_depot,multi_vehicle,4,974.4,261.7911,974.4,0.0079,1.0,14.583,7,0.8511,1.0,1.0,[974.4],,success
DSS,twvrp_50_single_depot__3,50,TWCVRP,single_depot,multi_vehicle,0,902.9579,287.9344,902.958,10.0044,1.0,0.0,0,1.0,0.1,1.0,[902.9579],,success
DSS,twvrp_50_single_depot__3,50,TWCVRP,single_depot,multi_vehicle,1,970.8874,287.9344,970.887,10.0044,1.0,0.0,0,1.0,0.1,1.0,[970.8874],,success
DSS,twvrp_50_single_depot__3,50,TWCVRP,single_depot,multi_vehicle,2,950.276,287.9344,950.276,10.0044,1.0,0.0,0,1.0,0.1,1.0,[950.276],,success
DSS,twvrp_50_single_depot__3,50,TWCVRP,single_depot,multi_vehicle,3,938.0941,287.9344,938.094,10.0044,1.0,0.0,0,1.0,0.1,1.0,[938.0941],,success
DSS,twvrp_50_single_depot__3,50,TWCVRP,single_depot,multi_vehicle,4,947.4515,287.9344,947.452,10.0044,1.0,0.0,0,1.0,0.1,1.0,[947.4515],,success
or-tools,twvrp_50_single_depot__3,50,TWCVRP,single_depot,multi_vehicle,0,772.7522,227.1066,772.752,1.0157,1.0,31.25,15,0.6809,1.0,1.0,[772.7522],,success
or-tools,twvrp_50_single_depot__3,50,TWCVRP,single_depot,multi_vehicle,1,736.7151,227.1066,736.715,1.0157,1.0,31.25,15,0.6809,1.0,1.0,[736.7151],,success
or-tools,twvrp_50_single_depot__3,50,TWCVRP,single_depot,multi_vehicle,2,730.1905,227.1066,730.19,1.0157,1.0,29.167,14,0.7021,1.0,1.0,[730.1905],,success
or-tools,twvrp_50_single_depot__3,50,TWCVRP,single_depot,multi_vehicle,3,722.1961,227.1066,722.196,1.0157,1.0,29.167,14,0.7021,1.0,1.0,[722.1961],,success
or-tools,twvrp_50_single_depot__3,50,TWCVRP,single_depot,multi_vehicle,4,716.9855,227.1066,716.986,1.0157,1.0,25.0,12,0.7447,1.0,1.0,[716.9855],,success
nn2opt,twvrp_50_single_depot__3,50,TWCVRP,single_depot,multi_vehicle,0,825.9306,261.7911,825.931,0.008,1.0,10.417,5,0.8936,1.0,1.0,[825.9306],,success
nn2opt,twvrp_50_single_depot__3,50,TWCVRP,single_depot,multi_vehicle,1,837.9046,261.7911,837.905,0.008,1.0,12.5,6,0.8723,1.0,1.0,[837.9046],,success
nn2opt,twvrp_50_single_depot__3,50,TWCVRP,single_depot,multi_vehicle,2,815.4114,261.7911,815.411,0.008,1.0,8.333,4,0.9149,1.0,1.0,[815.4114],,success
nn2opt,twvrp_50_single_depot__3,50,TWCVRP,single_depot,multi_vehicle,3,846.122,261.7911,846.122,0.008,1.0,12.5,6,0.8723,1.0,1.0,[846.122],,success
nn2opt,twvrp_50_single_depot__3,50,TWCVRP,single_depot,multi_vehicle,4,815.4961,261.7911,815.496,0.008,1.0,10.417,5,0.8936,1.0,1.0,[815.4961],,success
DSS,twvrp_50_single_depot__4,50,TWCVRP,single_depot,multi_vehicle,0,909.5567,285.0879,909.557,10.0066,1.0,0.0,0,1.0,0.1,1.0,[909.5567],,success
DSS,twvrp_50_single_depot__4,50,TWCVRP,single_depot,multi_vehicle,1,908.4382,285.0879,908.438,10.0066,1.0,0.0,0,1.0,0.1,1.0,[908.4382],,success
DSS,twvrp_50_single_depot__4,50,TWCVRP,single_depot,multi_vehicle,2,934.6718,285.0879,934.672,10.0066,1.0,0.0,0,1.0,0.1,1.0,[934.6718],,success
DSS,twvrp_50_single_depot__4,50,TWCVRP,single_depot,multi_vehicle,3,967.9903,285.0879,967.99,10.0066,1.0,0.0,0,1.0,0.1,1.0,[967.9903],,success
DSS,twvrp_50_single_depot__4,50,TWCVRP,single_depot,multi_vehicle,4,941.0431,285.0879,941.043,10.0066,1.0,0.0,0,1.0,0.1,1.0,[941.0431],,success
or-tools,twvrp_50_single_depot__4,50,TWCVRP,single_depot,multi_vehicle,0,708.0957,227.1066,708.096,1.0156,1.0,18.75,9,0.8085,1.0,1.0,[708.0957],,success
or-tools,twvrp_50_single_depot__4,50,TWCVRP,single_depot,multi_vehicle,1,795.257,227.1066,795.257,1.0156,1.0,33.333,16,0.6596,1.0,1.0,[795.257],,success
or-tools,twvrp_50_single_depot__4,50,TWCVRP,single_depot,multi_vehicle,2,678.6225,227.1066,678.623,1.0156,1.0,14.583,7,0.8511,1.0,1.0,[678.6225],,success
or-tools,twvrp_50_single_depot__4,50,TWCVRP,single_depot,multi_vehicle,3,787.3618,227.1066,787.362,1.0156,1.0,33.333,16,0.6596,1.0,1.0,[787.3618],,success
or-tools,twvrp_50_single_depot__4,50,TWCVRP,single_depot,multi_vehicle,4,774.7216,227.1066,774.722,1.0156,1.0,35.417,17,0.6383,1.0,1.0,[774.7216],,success
nn2opt,twvrp_50_single_depot__4,50,TWCVRP,single_depot,multi_vehicle,0,803.8589,261.7911,803.859,0.008,1.0,6.25,3,0.9362,1.0,1.0,[803.8589],,success
nn2opt,twvrp_50_single_depot__4,50,TWCVRP,single_depot,multi_vehicle,1,845.8644,261.7911,845.864,0.008,1.0,8.333,4,0.9149,1.0,1.0,[845.8644],,success
nn2opt,twvrp_50_single_depot__4,50,TWCVRP,single_depot,multi_vehicle,2,871.9741,261.7911,871.974,0.008,1.0,8.333,4,0.9149,1.0,1.0,[871.9741],,success
nn2opt,twvrp_50_single_depot__4,50,TWCVRP,single_depot,multi_vehicle,3,876.4308,261.7911,876.431,0.008,1.0,14.583,7,0.8511,1.0,1.0,[876.4308],,success
nn2opt,twvrp_50_single_depot__4,50,TWCVRP,single_depot,multi_vehicle,4,916.6964,261.7911,916.696,0.008,1.0,20.833,10,0.7872,1.0,1.0,[916.6964],,success
DSS,twvrp_50_single_depot__5,50,TWCVRP,single_depot,multi_vehicle,0,931.6686,278.7912,931.669,10.0052,1.0,0.0,0,1.0,0.0769,1.0,[931.6686],,success
DSS,twvrp_50_single_depot__5,50,TWCVRP,single_depot,multi_vehicle,1,1012.2458,278.7912,1012.246,10.0052,1.0,0.0,0,1.0,0.0769,1.0,[1012.2458],,success
DSS,twvrp_50_single_depot__5,50,TWCVRP,single_depot,multi_vehicle,2,967.5588,278.7912,967.559,10.0052,1.0,0.0,0,1.0,0.0769,1.0,[967.5588],,success
DSS,twvrp_50_single_depot__5,50,TWCVRP,single_depot,multi_vehicle,3,1006.9415,278.7912,1006.941,10.0052,1.0,0.0,0,1.0,0.0769,1.0,[1006.9415],,success
DSS,twvrp_50_single_depot__5,50,TWCVRP,single_depot,multi_vehicle,4,984.3863,278.7912,984.386,10.0052,1.0,0.0,0,1.0,0.0769,1.0,[984.3863],,success
or-tools,twvrp_50_single_depot__5,50,TWCVRP,single_depot,multi_vehicle,0,675.9508,206.2348,675.951,1.017,1.0,25.49,13,0.74,1.0,1.0,[675.9508],,success
or-tools,twvrp_50_single_depot__5,50,TWCVRP,single_depot,multi_vehicle,1,743.2662,206.2348,743.266,1.017,1.0,27.451,14,0.72,1.0,1.0,[743.2662],,success
or-tools,twvrp_50_single_depot__5,50,TWCVRP,single_depot,multi_vehicle,2,708.0425,206.2348,708.043,1.017,1.0,25.49,13,0.74,1.0,1.0,[708.0425],,success
or-tools,twvrp_50_single_depot__5,50,TWCVRP,single_depot,multi_vehicle,3,673.5088,206.2348,673.509,1.017,1.0,25.49,13,0.74,1.0,1.0,[673.5088],,success
or-tools,twvrp_50_single_depot__5,50,TWCVRP,single_depot,multi_vehicle,4,675.9005,206.2348,675.901,1.017,1.0,21.569,11,0.78,1.0,1.0,[675.9005],,success
nn2opt,twvrp_50_single_depot__5,50,TWCVRP,single_depot,multi_vehicle,0,788.808,239.4005,788.808,0.0086,1.0,9.804,5,0.9,1.0,1.0,[788.808],,success
nn2opt,twvrp_50_single_depot__5,50,TWCVRP,single_depot,multi_vehicle,1,859.747,239.4005,859.747,0.0086,1.0,13.725,7,0.86,1.0,1.0,[859.747],,success
nn2opt,twvrp_50_single_depot__5,50,TWCVRP,single_depot,multi_vehicle,2,796.5295,239.4005,796.53,0.0086,1.0,11.765,6,0.88,1.0,1.0,[796.5295],,success
nn2opt,twvrp_50_single_depot__5,50,TWCVRP,single_depot,multi_vehicle,3,773.1275,239.4005,773.127,0.0086,1.0,7.843,4,0.92,1.0,1.0,[773.1275],,success
nn2opt,twvrp_50_single_depot__5,50,TWCVRP,single_depot,multi_vehicle,4,923.5331,239.4005,923.533,0.0086,1.0,13.725,7,0.86,1.0,1.0,[923.5331],,success
DSS,twvrp_50_single_depot__6,50,TWCVRP,single_depot,multi_vehicle,0,859.6806,257.6969,859.681,10.0049,1.0,0.0,0,1.0,0.1,1.0,[859.6806],,success
DSS,twvrp_50_single_depot__6,50,TWCVRP,single_depot,multi_vehicle,1,895.642,257.6969,895.642,10.0049,1.0,0.0,0,1.0,0.1,1.0,[895.642],,success
DSS,twvrp_50_single_depot__6,50,TWCVRP,single_depot,multi_vehicle,2,859.739,257.6969,859.739,10.0049,1.0,0.0,0,1.0,0.1,1.0,[859.739],,success
DSS,twvrp_50_single_depot__6,50,TWCVRP,single_depot,multi_vehicle,3,857.7353,257.6969,857.735,10.0049,1.0,0.0,0,1.0,0.1,1.0,[857.7353],,success
DSS,twvrp_50_single_depot__6,50,TWCVRP,single_depot,multi_vehicle,4,802.4244,257.6969,802.424,10.0049,1.0,0.0,0,1.0,0.1,1.0,[802.4244],,success
or-tools,twvrp_50_single_depot__6,50,TWCVRP,single_depot,multi_vehicle,0,677.1904,206.2348,677.19,1.0161,1.0,25.49,13,0.74,1.0,1.0,[677.1904],,success
or-tools,twvrp_50_single_depot__6,50,TWCVRP,single_depot,multi_vehicle,1,707.4804,206.2348,707.48,1.0161,1.0,25.49,13,0.74,1.0,1.0,[707.4804],,success
or-tools,twvrp_50_single_depot__6,50,TWCVRP,single_depot,multi_vehicle,2,694.3612,206.2348,694.361,1.0161,1.0,25.49,13,0.74,1.0,1.0,[694.3612],,success
or-tools,twvrp_50_single_depot__6,50,TWCVRP,single_depot,multi_vehicle,3,684.7201,206.2348,684.72,1.0161,1.0,25.49,13,0.74,1.0,1.0,[684.7201],,success
or-tools,twvrp_50_single_depot__6,50,TWCVRP,single_depot,multi_vehicle,4,696.3735,206.2348,696.374,1.0161,1.0,25.49,13,0.74,1.0,1.0,[696.3735],,success
nn2opt,twvrp_50_single_depot__6,50,TWCVRP,single_depot,multi_vehicle,0,812.869,239.4005,812.869,0.0085,1.0,13.725,7,0.86,1.0,1.0,[812.869],,success
nn2opt,twvrp_50_single_depot__6,50,TWCVRP,single_depot,multi_vehicle,1,968.4738,239.4005,968.474,0.0085,1.0,13.725,7,0.86,1.0,1.0,[968.4738],,success
nn2opt,twvrp_50_single_depot__6,50,TWCVRP,single_depot,multi_vehicle,2,793.2829,239.4005,793.283,0.0085,1.0,11.765,6,0.88,1.0,1.0,[793.2829],,success
nn2opt,twvrp_50_single_depot__6,50,TWCVRP,single_depot,multi_vehicle,3,775.0759,239.4005,775.076,0.0085,1.0,7.843,4,0.92,1.0,1.0,[775.0759],,success
nn2opt,twvrp_50_single_depot__6,50,TWCVRP,single_depot,multi_vehicle,4,722.8144,239.4005,722.814,0.0085,1.0,9.804,5,0.9,1.0,1.0,[722.8144],,success
DSS,twvrp_50_single_depot__7,50,TWCVRP,single_depot,multi_vehicle,0,900.8642,266.1745,900.864,10.0056,1.0,0.0,0,1.0,0.1,1.0,[900.8642],,success
DSS,twvrp_50_single_depot__7,50,TWCVRP,single_depot,multi_vehicle,1,888.5952,266.1745,888.595,10.0056,1.0,0.0,0,1.0,0.1,1.0,[888.5952],,success
DSS,twvrp_50_single_depot__7,50,TWCVRP,single_depot,multi_vehicle,2,892.7102,266.1745,892.71,10.0056,1.0,0.0,0,1.0,0.1,1.0,[892.7102],,success
DSS,twvrp_50_single_depot__7,50,TWCVRP,single_depot,multi_vehicle,3,806.3912,266.1745,806.391,10.0056,1.0,0.0,0,1.0,0.1,1.0,[806.3912],,success
DSS,twvrp_50_single_depot__7,50,TWCVRP,single_depot,multi_vehicle,4,850.155,266.1745,850.155,10.0056,1.0,0.0,0,1.0,0.1,1.0,[850.155],,success
or-tools,twvrp_50_single_depot__7,50,TWCVRP,single_depot,multi_vehicle,0,692.8523,206.2348,692.852,1.0171,1.0,27.451,14,0.72,1.0,1.0,[692.8523],,success
or-tools,twvrp_50_single_depot__7,50,TWCVRP,single_depot,multi_vehicle,1,699.8003,206.2348,699.8,1.0171,1.0,25.49,13,0.74,1.0,1.0,[699.8003],,success
or-tools,twvrp_50_single_depot__7,50,TWCVRP,single_depot,multi_vehicle,2,642.0527,206.2348,642.053,1.0171,1.0,17.647,9,0.82,1.0,1.0,[642.0527],,success
or-tools,twvrp_50_single_depot__7,50,TWCVRP,single_depot,multi_vehicle,3,620.6412,206.2348,620.641,1.0171,1.0,3.922,2,0.96,1.0,1.0,[620.6412],,success
or-tools,twvrp_50_single_depot__7,50,TWCVRP,single_depot,multi_vehicle,4,664.3551,206.2348,664.355,1.0171,1.0,21.569,11,0.78,1.0,1.0,[664.3551],,success
nn2opt,twvrp_50_single_depot__7,50,TWCVRP,single_depot,multi_vehicle,0,770.48,239.4005,770.48,0.0085,1.0,9.804,5,0.9,1.0,1.0,[770.48],,success
nn2opt,twvrp_50_single_depot__7,50,TWCVRP,single_depot,multi_vehicle,1,791.0201,239.4005,791.02,0.0085,1.0,7.843,4,0.92,1.0,1.0,[791.0201],,success
nn2opt,twvrp_50_single_depot__7,50,TWCVRP,single_depot,multi_vehicle,2,699.2416,239.4005,699.242,0.0085,1.0,9.804,5,0.9,1.0,1.0,[699.2416],,success
nn2opt,twvrp_50_single_depot__7,50,TWCVRP,single_depot,multi_vehicle,3,725.4177,239.4005,725.418,0.0085,1.0,7.843,4,0.92,1.0,1.0,[725.4177],,success
nn2opt,twvrp_50_single_depot__7,50,TWCVRP,single_depot,multi_vehicle,4,837.7822,239.4005,837.782,0.0085,1.0,11.765,6,0.88,1.0,1.0,[837.7822],,success
DSS,twvrp_50_single_depot__8,50,TWCVRP,single_depot,multi_vehicle,0,862.9932,264.1104,862.993,10.0049,1.0,0.0,0,1.0,0.0769,1.0,[862.9932],,success
DSS,twvrp_50_single_depot__8,50,TWCVRP,single_depot,multi_vehicle,1,873.7999,264.1104,873.8,10.0049,1.0,0.0,0,1.0,0.0769,1.0,[873.7999],,success
DSS,twvrp_50_single_depot__8,50,TWCVRP,single_depot,multi_vehicle,2,843.8206,264.1104,843.821,10.0049,1.0,0.0,0,1.0,0.0769,1.0,[843.8206],,success
DSS,twvrp_50_single_depot__8,50,TWCVRP,single_depot,multi_vehicle,3,872.6265,264.1104,872.627,10.0049,1.0,0.0,0,1.0,0.0769,1.0,[872.6265],,success
DSS,twvrp_50_single_depot__8,50,TWCVRP,single_depot,multi_vehicle,4,865.2756,264.1104,865.276,10.0049,1.0,0.0,0,1.0,0.0769,1.0,[865.2756],,success
or-tools,twvrp_50_single_depot__8,50,TWCVRP,single_depot,multi_vehicle,0,706.546,206.2348,706.546,1.0156,1.0,27.451,14,0.72,1.0,1.0,[706.546],,success
or-tools,twvrp_50_single_depot__8,50,TWCVRP,single_depot,multi_vehicle,1,670.0069,206.2348,670.007,1.0156,1.0,21.569,11,0.78,1.0,1.0,[670.0069],,success
or-tools,twvrp_50_single_depot__8,50,TWCVRP,single_depot,multi_vehicle,2,619.1758,206.2348,619.176,1.0156,1.0,5.882,3,0.94,1.0,1.0,[619.1758],,success
or-tools,twvrp_50_single_depot__8,50,TWCVRP,single_depot,multi_vehicle,3,634.4836,206.2348,634.484,1.0156,1.0,13.725,7,0.86,1.0,1.0,[634.4836],,success
or-tools,twvrp_50_single_depot__8,50,TWCVRP,single_depot,multi_vehicle,4,711.9925,206.2348,711.992,1.0156,1.0,25.49,13,0.74,1.0,1.0,[711.9925],,success
nn2opt,twvrp_50_single_depot__8,50,TWCVRP,single_depot,multi_vehicle,0,902.4134,239.4005,902.413,0.0084,1.0,13.725,7,0.86,1.0,1.0,[902.4134],,success
nn2opt,twvrp_50_single_depot__8,50,TWCVRP,single_depot,multi_vehicle,1,733.7737,239.4005,733.774,0.0084,1.0,11.765,6,0.88,1.0,1.0,[733.7737],,success
nn2opt,twvrp_50_single_depot__8,50,TWCVRP,single_depot,multi_vehicle,2,751.3629,239.4005,751.363,0.0084,1.0,7.843,4,0.92,1.0,1.0,[751.3629],,success
nn2opt,twvrp_50_single_depot__8,50,TWCVRP,single_depot,multi_vehicle,3,749.4565,239.4005,749.457,0.0084,1.0,7.843,4,0.92,1.0,1.0,[749.4565],,success
nn2opt,twvrp_50_single_depot__8,50,TWCVRP,single_depot,multi_vehicle,4,781.0222,239.4005,781.022,0.0084,1.0,11.765,6,0.88,1.0,1.0,[781.0222],,success
DSS,twvrp_50_single_depot__9,50,TWCVRP,single_depot,multi_vehicle,0,860.4426,260.4936,860.443,10.0069,1.0,0.0,0,1.0,0.1,1.0,[860.4426],,success
DSS,twvrp_50_single_depot__9,50,TWCVRP,single_depot,multi_vehicle,1,839.7977,260.4936,839.798,10.0069,1.0,0.0,0,1.0,0.1,1.0,[839.7977],,success
DSS,twvrp_50_single_depot__9,50,TWCVRP,single_depot,multi_vehicle,2,809.2766,260.4936,809.277,10.0069,1.0,0.0,0,1.0,0.1,1.0,[809.2766],,success
DSS,twvrp_50_single_depot__9,50,TWCVRP,single_depot,multi_vehicle,3,802.5467,260.4936,802.547,10.0069,1.0,0.0,0,1.0,0.1,1.0,[802.5467],,success
DSS,twvrp_50_single_depot__9,50,TWCVRP,single_depot,multi_vehicle,4,966.8464,260.4936,966.846,10.0069,1.0,0.0,0,1.0,0.1,1.0,[966.8464],,success
or-tools,twvrp_50_single_depot__9,50,TWCVRP,single_depot,multi_vehicle,0,664.038,206.2348,664.038,1.0165,1.0,21.569,11,0.78,1.0,1.0,[664.038],,success
or-tools,twvrp_50_single_depot__9,50,TWCVRP,single_depot,multi_vehicle,1,648.7497,206.2348,648.75,1.0165,1.0,19.608,10,0.8,1.0,1.0,[648.7497],,success
or-tools,twvrp_50_single_depot__9,50,TWCVRP,single_depot,multi_vehicle,2,723.6328,206.2348,723.633,1.0165,1.0,25.49,13,0.74,1.0,1.0,[723.6328],,success
or-tools,twvrp_50_single_depot__9,50,TWCVRP,single_depot,multi_vehicle,3,671.4089,206.2348,671.409,1.0165,1.0,19.608,10,0.8,1.0,1.0,[671.4089],,success
or-tools,twvrp_50_single_depot__9,50,TWCVRP,single_depot,multi_vehicle,4,671.0998,206.2348,671.1,1.0165,1.0,21.569,11,0.78,1.0,1.0,[671.0998],,success
nn2opt,twvrp_50_single_depot__9,50,TWCVRP,single_depot,multi_vehicle,0,759.1929,239.4005,759.193,0.0085,1.0,11.765,6,0.88,1.0,1.0,[759.1929],,success
nn2opt,twvrp_50_single_depot__9,50,TWCVRP,single_depot,multi_vehicle,1,760.9051,239.4005,760.905,0.0085,1.0,7.843,4,0.92,1.0,1.0,[760.9051],,success
nn2opt,twvrp_50_single_depot__9,50,TWCVRP,single_depot,multi_vehicle,2,789.8033,239.4005,789.803,0.0085,1.0,7.843,4,0.92,1.0,1.0,[789.8033],,success
nn2opt,twvrp_50_single_depot__9,50,TWCVRP,single_depot,multi_vehicle,3,868.5548,239.4005,868.555,0.0085,1.0,13.725,7,0.86,1.0,1.0,[868.5548],,success
nn2opt,twvrp_50_single_depot__9,50,TWCVRP,single_depot,multi_vehicle,4,780.2151,239.4005,780.215,0.0085,1.0,11.765,6,0.88,1.0,1.0,[780.2151],,success
DSS,twvrp_100_single_depot__0,100,TWCVRP,single_depot,multi_vehicle,0,1843.8866,554.1576,1843.887,10.0107,1.0,0.0,0,1.0,0.04,1.0,[1843.8866],,success
DSS,twvrp_100_single_depot__0,100,TWCVRP,single_depot,multi_vehicle,1,1937.1404,554.1576,1937.14,10.0107,1.0,0.0,0,1.0,0.04,1.0,[1937.1404],,success
DSS,twvrp_100_single_depot__0,100,TWCVRP,single_depot,multi_vehicle,2,1815.0505,554.1576,1815.051,10.0107,1.0,0.0,0,1.0,0.04,1.0,[1815.0505],,success
DSS,twvrp_100_single_depot__0,100,TWCVRP,single_depot,multi_vehicle,3,1767.9001,554.1576,1767.9,10.0107,1.0,0.0,0,1.0,0.04,1.0,[1767.9001],,success
DSS,twvrp_100_single_depot__0,100,TWCVRP,single_depot,multi_vehicle,4,1795.2064,554.1576,1795.206,10.0107,1.0,0.0,0,1.0,0.04,1.0,[1795.2064],,success
or-tools,twvrp_100_single_depot__0,100,TWCVRP,single_depot,multi_vehicle,0,999.5825,302.4402,999.582,1.0565,1.0,44.898,44,0.5464,1.0,1.0,[999.5825],,success
or-tools,twvrp_100_single_depot__0,100,TWCVRP,single_depot,multi_vehicle,1,985.1837,302.4402,985.184,1.0565,1.0,44.898,44,0.5464,1.0,1.0,[985.1837],,success
or-tools,twvrp_100_single_depot__0,100,TWCVRP,single_depot,multi_vehicle,2,995.7541,302.4402,995.754,1.0565,1.0,46.939,46,0.5258,1.0,1.0,[995.7541],,success
or-tools,twvrp_100_single_depot__0,100,TWCVRP,single_depot,multi_vehicle,3,1002.6081,302.4402,1002.608,1.0565,1.0,45.918,45,0.5361,1.0,1.0,[1002.6081],,success
or-tools,twvrp_100_single_depot__0,100,TWCVRP,single_depot,multi_vehicle,4,947.9664,302.4402,947.966,1.0565,1.0,43.878,43,0.5567,1.0,1.0,[947.9664],,success
nn2opt,twvrp_100_single_depot__0,100,TWCVRP,single_depot,multi_vehicle,0,1047.5945,319.3593,1047.594,0.0312,1.0,24.49,24,0.7526,1.0,1.0,[1047.5945],,success
nn2opt,twvrp_100_single_depot__0,100,TWCVRP,single_depot,multi_vehicle,1,1077.3912,319.3593,1077.391,0.0312,1.0,19.388,19,0.8041,1.0,1.0,[1077.3912],,success
nn2opt,twvrp_100_single_depot__0,100,TWCVRP,single_depot,multi_vehicle,2,1005.3966,319.3593,1005.397,0.0312,1.0,20.408,20,0.7938,1.0,1.0,[1005.3966],,success
nn2opt,twvrp_100_single_depot__0,100,TWCVRP,single_depot,multi_vehicle,3,1113.6175,319.3593,1113.617,0.0312,1.0,22.449,22,0.7732,1.0,1.0,[1113.6175],,success
nn2opt,twvrp_100_single_depot__0,100,TWCVRP,single_depot,multi_vehicle,4,1096.5789,319.3593,1096.579,0.0312,1.0,19.388,19,0.8041,1.0,1.0,[1096.5789],,success
DSS,twvrp_100_single_depot__1,100,TWCVRP,single_depot,multi_vehicle,0,1957.615,553.712,1957.615,10.0133,1.0,0.0,0,1.0,0.04,1.0,[1957.615],,success
DSS,twvrp_100_single_depot__1,100,TWCVRP,single_depot,multi_vehicle,1,1837.4076,553.712,1837.408,10.0133,1.0,0.0,0,1.0,0.04,1.0,[1837.4076],,success
DSS,twvrp_100_single_depot__1,100,TWCVRP,single_depot,multi_vehicle,2,1807.245,553.712,1807.245,10.0133,1.0,0.0,0,1.0,0.04,1.0,[1807.245],,success
DSS,twvrp_100_single_depot__1,100,TWCVRP,single_depot,multi_vehicle,3,1765.2366,553.712,1765.237,10.0133,1.0,0.0,0,1.0,0.04,1.0,[1765.2366],,success
DSS,twvrp_100_single_depot__1,100,TWCVRP,single_depot,multi_vehicle,4,1728.5101,553.712,1728.51,10.0133,1.0,0.0,0,1.0,0.04,1.0,[1728.5101],,success
or-tools,twvrp_100_single_depot__1,100,TWCVRP,single_depot,multi_vehicle,0,1000.025,302.4402,1000.025,1.0567,1.0,46.939,46,0.5258,1.0,1.0,[1000.025],,success
or-tools,twvrp_100_single_depot__1,100,TWCVRP,single_depot,multi_vehicle,1,998.6931,302.4402,998.693,1.0567,1.0,50.0,49,0.4948,1.0,1.0,[998.6931],,success
or-tools,twvrp_100_single_depot__1,100,TWCVRP,single_depot,multi_vehicle,2,933.3365,302.4402,933.337,1.0567,1.0,41.837,41,0.5773,1.0,1.0,[933.3365],,success
or-tools,twvrp_100_single_depot__1,100,TWCVRP,single_depot,multi_vehicle,3,992.1609,302.4402,992.161,1.0567,1.0,43.878,43,0.5567,1.0,1.0,[992.1609],,success
or-tools,twvrp_100_single_depot__1,100,TWCVRP,single_depot,multi_vehicle,4,908.4583,302.4402,908.458,1.0567,1.0,41.837,41,0.5773,1.0,1.0,[908.4583],,success
nn2opt,twvrp_100_single_depot__1,100,TWCVRP,single_depot,multi_vehicle,0,1096.1909,319.3593,1096.191,0.0319,1.0,23.469,23,0.7629,1.0,1.0,[1096.1909],,success
nn2opt,twvrp_100_single_depot__1,100,TWCVRP,single_depot,multi_vehicle,1,1096.2383,319.3593,1096.238,0.0319,1.0,23.469,23,0.7629,1.0,1.0,[1096.2383],,success
nn2opt,twvrp_100_single_depot__1,100,TWCVRP,single_depot,multi_vehicle,2,1087.7451,319.3593,1087.745,0.0319,1.0,22.449,22,0.7732,1.0,1.0,[1087.7451],,success
nn2opt,twvrp_100_single_depot__1,100,TWCVRP,single_depot,multi_vehicle,3,1157.4674,319.3593,1157.467,0.0319,1.0,24.49,24,0.7526,1.0,1.0,[1157.4674],,success
nn2opt,twvrp_100_single_depot__1,100,TWCVRP,single_depot,multi_vehicle,4,1029.5186,319.3593,1029.519,0.0319,1.0,20.408,20,0.7938,1.0,1.0,[1029.5186],,success
DSS,twvrp_100_single_depot__2,100,TWCVRP,single_depot,multi_vehicle,0,1861.37,553.712,1861.37,10.0102,1.0,0.0,0,1.0,0.04,1.0,[1861.37],,success
DSS,twvrp_100_single_depot__2,100,TWCVRP,single_depot,multi_vehicle,1,1769.033,553.712,1769.033,10.0102,1.0,0.0,0,1.0,0.04,1.0,[1769.033],,success
DSS,twvrp_100_single_depot__2,100,TWCVRP,single_depot,multi_vehicle,2,1769.8682,553.712,1769.868,10.0102,1.0,0.0,0,1.0,0.04,1.0,[1769.8682],,success
DSS,twvrp_100_single_depot__2,100,TWCVRP,single_depot,multi_vehicle,3,1781.5179,553.712,1781.518,10.0102,1.0,0.0,0,1.0,0.04,1.0,[1781.5179],,success
DSS,twvrp_100_single_depot__2,100,TWCVRP,single_depot,multi_vehicle,4,1846.9602,553.712,1846.96,10.0102,1.0,0.0,0,1.0,0.04,1.0,[1846.9602],,success
or-tools,twvrp_100_single_depot__2,100,TWCVRP,single_depot,multi_vehicle,0,927.1058,302.4402,927.106,1.0552,1.0,43.878,43,0.5567,1.0,1.0,[927.1058],,success
or-tools,twvrp_100_single_depot__2,100,TWCVRP,single_depot,multi_vehicle,1,1024.3736,302.4402,1024.374,1.0552,1.0,48.98,48,0.5052,1.0,1.0,[1024.3736],,success
or-tools,twvrp_100_single_depot__2,100,TWCVRP,single_depot,multi_vehicle,2,930.953,302.4402,930.953,1.0552,1.0,43.878,43,0.5567,1.0,1.0,[930.953],,success
or-tools,twvrp_100_single_depot__2,100,TWCVRP,single_depot,multi_vehicle,3,1017.7099,302.4402,1017.71,1.0552,1.0,44.898,44,0.5464,1.0,1.0,[1017.7099],,success
or-tools,twvrp_100_single_depot__2,100,TWCVRP,single_depot,multi_vehicle,4,955.5334,302.4402,955.533,1.0552,1.0,43.878,43,0.5567,1.0,1.0,[955.5334],,success
nn2opt,twvrp_100_single_depot__2,100,TWCVRP,single_depot,multi_vehicle,0,989.9014,319.3593,989.901,0.0311,1.0,22.449,22,0.7732,1.0,1.0,[989.9014],,success
nn2opt,twvrp_100_single_depot__2,100,TWCVRP,single_depot,multi_vehicle,1,1060.6613,319.3593,1060.661,0.0311,1.0,22.449,22,0.7732,1.0,1.0,[1060.6613],,success
nn2opt,twvrp_100_single_depot__2,100,TWCVRP,single_depot,multi_vehicle,2,1045.6536,319.3593,1045.654,0.0311,1.0,20.408,20,0.7938,1.0,1.0,[1045.6536],,success
nn2opt,twvrp_100_single_depot__2,100,TWCVRP,single_depot,multi_vehicle,3,1058.2665,319.3593,1058.266,0.0311,1.0,23.469,23,0.7629,1.0,1.0,[1058.2665],,success
nn2opt,twvrp_100_single_depot__2,100,TWCVRP,single_depot,multi_vehicle,4,1086.2729,319.3593,1086.273,0.0311,1.0,25.51,25,0.7423,1.0,1.0,[1086.2729],,success
DSS,twvrp_100_single_depot__3,100,TWCVRP,single_depot,multi_vehicle,0,1630.1801,500.7835,1630.18,10.0111,1.0,0.0,0,1.0,0.05,1.0,[1630.1801],,success
DSS,twvrp_100_single_depot__3,100,TWCVRP,single_depot,multi_vehicle,1,1703.239,500.7835,1703.239,10.0111,1.0,0.0,0,1.0,0.05,1.0,[1703.239],,success
DSS,twvrp_100_single_depot__3,100,TWCVRP,single_depot,multi_vehicle,2,1663.8278,500.7835,1663.828,10.0111,1.0,0.0,0,1.0,0.05,1.0,[1663.8278],,success
DSS,twvrp_100_single_depot__3,100,TWCVRP,single_depot,multi_vehicle,3,1632.8259,500.7835,1632.826,10.0111,1.0,0.0,0,1.0,0.05,1.0,[1632.8259],,success
DSS,twvrp_100_single_depot__3,100,TWCVRP,single_depot,multi_vehicle,4,1730.7468,500.7835,1730.747,10.0111,1.0,0.0,0,1.0,0.05,1.0,[1730.7468],,success
or-tools,twvrp_100_single_depot__3,100,TWCVRP,single_depot,multi_vehicle,0,1028.3842,302.4402,1028.384,1.0564,1.0,46.939,46,0.5258,1.0,1.0,[1028.3842],,success
or-tools,twvrp_100_single_depot__3,100,TWCVRP,single_depot,multi_vehicle,1,1055.3173,302.4402,1055.317,1.0564,1.0,48.98,48,0.5052,1.0,1.0,[1055.3173],,success
or-tools,twvrp_100_single_depot__3,100,TWCVRP,single_depot,multi_vehicle,2,983.894,302.4402,983.894,1.0564,1.0,44.898,44,0.5464,1.0,1.0,[983.894],,success
or-tools,twvrp_100_single_depot__3,100,TWCVRP,single_depot,multi_vehicle,3,1066.0585,302.4402,1066.059,1.0564,1.0,45.918,45,0.5361,1.0,1.0,[1066.0585],,success
or-tools,twvrp_100_single_depot__3,100,TWCVRP,single_depot,multi_vehicle,4,1025.179,302.4402,1025.179,1.0564,1.0,44.898,44,0.5464,1.0,1.0,[1025.179],,success
nn2opt,twvrp_100_single_depot__3,100,TWCVRP,single_depot,multi_vehicle,0,1028.0897,319.3593,1028.09,0.0305,1.0,19.388,19,0.8041,1.0,1.0,[1028.0897],,success
nn2opt,twvrp_100_single_depot__3,100,TWCVRP,single_depot,multi_vehicle,1,1049.6199,319.3593,1049.62,0.0305,1.0,22.449,22,0.7732,1.0,1.0,[1049.6199],,success
nn2opt,twvrp_100_single_depot__3,100,TWCVRP,single_depot,multi_vehicle,2,989.851,319.3593,989.851,0.0305,1.0,22.449,22,0.7732,1.0,1.0,[989.851],,success
nn2opt,twvrp_100_single_depot__3,100,TWCVRP,single_depot,multi_vehicle,3,1009.8414,319.3593,1009.841,0.0305,1.0,23.469,23,0.7629,1.0,1.0,[1009.8414],,success
nn2opt,twvrp_100_single_depot__3,100,TWCVRP,single_depot,multi_vehicle,4,1066.0116,319.3593,1066.012,0.0305,1.0,20.408,20,0.7938,1.0,1.0,[1066.0116],,success
DSS,twvrp_100_single_depot__4,100,TWCVRP,single_depot,multi_vehicle,0,1951.3383,553.712,1951.338,10.0107,1.0,0.0,0,1.0,0.04,1.0,[1951.3383],,success
DSS,twvrp_100_single_depot__4,100,TWCVRP,single_depot,multi_vehicle,1,1823.1607,553.712,1823.161,10.0107,1.0,0.0,0,1.0,0.04,1.0,[1823.1607],,success
DSS,twvrp_100_single_depot__4,100,TWCVRP,single_depot,multi_vehicle,2,1917.0054,553.712,1917.005,10.0107,1.0,0.0,0,1.0,0.04,1.0,[1917.0054],,success
DSS,twvrp_100_single_depot__4,100,TWCVRP,single_depot,multi_vehicle,3,1998.1813,553.712,1998.181,10.0107,1.0,0.0,0,1.0,0.04,1.0,[1998.1813],,success
DSS,twvrp_100_single_depot__4,100,TWCVRP,single_depot,multi_vehicle,4,1688.9189,553.712,1688.919,10.0107,1.0,0.0,0,1.0,0.04,1.0,[1688.9189],,success
or-tools,twvrp_100_single_depot__4,100,TWCVRP,single_depot,multi_vehicle,0,1027.4259,302.4402,1027.426,1.0561,1.0,44.898,44,0.5464,1.0,1.0,[1027.4259],,success
or-tools,twvrp_100_single_depot__4,100,TWCVRP,single_depot,multi_vehicle,1,986.3718,302.4402,986.372,1.0561,1.0,45.918,45,0.5361,1.0,1.0,[986.3718],,success
or-tools,twvrp_100_single_depot__4,100,TWCVRP,single_depot,multi_vehicle,2,1016.1224,302.4402,1016.122,1.0561,1.0,44.898,44,0.5464,1.0,1.0,[1016.1224],,success
or-tools,twvrp_100_single_depot__4,100,TWCVRP,single_depot,multi_vehicle,3,1048.1015,302.4402,1048.101,1.0561,1.0,51.02,50,0.4845,1.0,1.0,[1048.1015],,success
or-tools,twvrp_100_single_depot__4,100,TWCVRP,single_depot,multi_vehicle,4,1036.2174,302.4402,1036.217,1.0561,1.0,50.0,49,0.4948,1.0,1.0,[1036.2174],,success
nn2opt,twvrp_100_single_depot__4,100,TWCVRP,single_depot,multi_vehicle,0,1091.5781,319.3593,1091.578,0.0316,1.0,21.429,21,0.7835,1.0,1.0,[1091.5781],,success
nn2opt,twvrp_100_single_depot__4,100,TWCVRP,single_depot,multi_vehicle,1,1040.6788,319.3593,1040.679,0.0316,1.0,22.449,22,0.7732,1.0,1.0,[1040.6788],,success
nn2opt,twvrp_100_single_depot__4,100,TWCVRP,single_depot,multi_vehicle,2,1052.3934,319.3593,1052.393,0.0316,1.0,24.49,24,0.7526,1.0,1.0,[1052.3934],,success
nn2opt,twvrp_100_single_depot__4,100,TWCVRP,single_depot,multi_vehicle,3,1090.4246,319.3593,1090.425,0.0316,1.0,24.49,24,0.7526,1.0,1.0,[1090.4246],,success
nn2opt,twvrp_100_single_depot__4,100,TWCVRP,single_depot,multi_vehicle,4,994.726,319.3593,994.726,0.0316,1.0,22.449,22,0.7732,1.0,1.0,[994.726],,success
DSS,twvrp_100_single_depot__5,100,TWCVRP,single_depot,multi_vehicle,0,1854.2383,575.8292,1854.238,10.0105,1.0,0.0,0,1.0,0.04,1.0,[1854.2383],,success
DSS,twvrp_100_single_depot__5,100,TWCVRP,single_depot,multi_vehicle,1,1813.3677,575.8292,1813.368,10.0105,1.0,0.0,0,1.0,0.04,1.0,[1813.3677],,success
DSS,twvrp_100_single_depot__5,100,TWCVRP,single_depot,multi_vehicle,2,1917.8966,575.8292,1917.897,10.0105,1.0,0.0,0,1.0,0.04,1.0,[1917.8966],,success
DSS,twvrp_100_single_depot__5,100,TWCVRP,single_depot,multi_vehicle,3,1934.7455,575.8292,1934.746,10.0105,1.0,0.0,0,1.0,0.04,1.0,[1934.7455],,success
DSS,twvrp_100_single_depot__5,100,TWCVRP,single_depot,multi_vehicle,4,1930.6497,575.8292,1930.65,10.0105,1.0,0.0,0,1.0,0.04,1.0,[1930.6497],,success
or-tools,twvrp_100_single_depot__5,100,TWCVRP,single_depot,multi_vehicle,0,1031.1386,296.9212,1031.139,1.0589,1.0,46.535,47,0.53,1.0,1.0,[1031.1386],,success
or-tools,twvrp_100_single_depot__5,100,TWCVRP,single_depot,multi_vehicle,1,972.6841,296.9212,972.684,1.0589,1.0,38.614,39,0.61,1.0,1.0,[972.6841],,success
or-tools,twvrp_100_single_depot__5,100,TWCVRP,single_depot,multi_vehicle,2,1064.6852,296.9212,1064.685,1.0589,1.0,46.535,47,0.53,1.0,1.0,[1064.6852],,success
or-tools,twvrp_100_single_depot__5,100,TWCVRP,single_depot,multi_vehicle,3,979.0993,296.9212,979.099,1.0589,1.0,45.545,46,0.54,1.0,1.0,[979.0993],,success
or-tools,twvrp_100_single_depot__5,100,TWCVRP,single_depot,multi_vehicle,4,1015.1841,296.9212,1015.184,1.0589,1.0,44.554,45,0.55,1.0,1.0,[1015.1841],,success
nn2opt,twvrp_100_single_depot__5,100,TWCVRP,single_depot,multi_vehicle,0,1122.3223,338.5314,1122.322,0.0323,1.0,35.644,36,0.64,1.0,1.0,[1122.3223],,success
nn2opt,twvrp_100_single_depot__5,100,TWCVRP,single_depot,multi_vehicle,1,1088.0307,338.5314,1088.031,0.0323,1.0,33.663,34,0.66,1.0,1.0,[1088.0307],,success
nn2opt,twvrp_100_single_depot__5,100,TWCVRP,single_depot,multi_vehicle,2,1164.8484,338.5314,1164.848,0.0323,1.0,44.554,45,0.55,1.0,1.0,[1164.8484],,success
nn2opt,twvrp_100_single_depot__5,100,TWCVRP,single_depot,multi_vehicle,3,1168.3115,338.5314,1168.312,0.0323,1.0,46.535,47,0.53,1.0,1.0,[1168.3115],,success
nn2opt,twvrp_100_single_depot__5,100,TWCVRP,single_depot,multi_vehicle,4,1115.1895,338.5314,1115.189,0.0323,1.0,37.624,38,0.62,1.0,1.0,[1115.1895],,success
DSS,twvrp_100_single_depot__6,100,TWCVRP,single_depot,multi_vehicle,0,2176.7537,657.2631,2176.754,10.0113,1.0,0.0,0,1.0,0.0294,1.0,[2176.7537],,success
DSS,twvrp_100_single_depot__6,100,TWCVRP,single_depot,multi_vehicle,1,2207.2214,657.2631,2207.221,10.0113,1.0,0.0,0,1.0,0.0294,1.0,[2207.2214],,success
DSS,twvrp_100_single_depot__6,100,TWCVRP,single_depot,multi_vehicle,2,2205.8401,657.2631,2205.84,10.0113,1.0,0.0,0,1.0,0.0294,1.0,[2205.8401],,success
DSS,twvrp_100_single_depot__6,100,TWCVRP,single_depot,multi_vehicle,3,2251.6692,657.2631,2251.669,10.0113,1.0,0.0,0,1.0,0.0294,1.0,[2251.6692],,success
DSS,twvrp_100_single_depot__6,100,TWCVRP,single_depot,multi_vehicle,4,2324.6732,657.2631,2324.673,10.0113,1.0,0.0,0,1.0,0.0294,1.0,[2324.6732],,success
or-tools,twvrp_100_single_depot__6,100,TWCVRP,single_depot,multi_vehicle,0,908.8851,296.9212,908.885,1.0587,1.0,36.634,37,0.63,1.0,1.0,[908.8851],,success
or-tools,twvrp_100_single_depot__6,100,TWCVRP,single_depot,multi_vehicle,1,1074.4893,296.9212,1074.489,1.0587,1.0,48.515,49,0.51,1.0,1.0,[1074.4893],,success
or-tools,twvrp_100_single_depot__6,100,TWCVRP,single_depot,multi_vehicle,2,980.2186,296.9212,980.219,1.0587,1.0,43.564,44,0.56,1.0,1.0,[980.2186],,success
or-tools,twvrp_100_single_depot__6,100,TWCVRP,single_depot,multi_vehicle,3,1002.9311,296.9212,1002.931,1.0587,1.0,47.525,48,0.52,1.0,1.0,[1002.9311],,success
or-tools,twvrp_100_single_depot__6,100,TWCVRP,single_depot,multi_vehicle,4,983.3276,296.9212,983.328,1.0587,1.0,42.574,43,0.57,1.0,1.0,[983.3276],,success
nn2opt,twvrp_100_single_depot__6,100,TWCVRP,single_depot,multi_vehicle,0,1079.6721,338.5314,1079.672,0.0327,1.0,36.634,37,0.63,1.0,1.0,[1079.6721],,success
nn2opt,twvrp_100_single_depot__6,100,TWCVRP,single_depot,multi_vehicle,1,1136.2212,338.5314,1136.221,0.0327,1.0,39.604,40,0.6,1.0,1.0,[1136.2212],,success
nn2opt,twvrp_100_single_depot__6,100,TWCVRP,single_depot,multi_vehicle,2,1204.6589,338.5314,1204.659,0.0327,1.0,45.545,46,0.54,1.0,1.0,[1204.6589],,success
nn2opt,twvrp_100_single_depot__6,100,TWCVRP,single_depot,multi_vehicle,3,1093.3644,338.5314,1093.364,0.0327,1.0,37.624,38,0.62,1.0,1.0,[1093.3644],,success
nn2opt,twvrp_100_single_depot__6,100,TWCVRP,single_depot,multi_vehicle,4,1079.1044,338.5314,1079.104,0.0327,1.0,39.604,40,0.6,1.0,1.0,[1079.1044],,success
DSS,twvrp_100_single_depot__7,100,TWCVRP,single_depot,multi_vehicle,0,1931.3435,573.234,1931.344,10.011,1.0,0.0,0,1.0,0.04,1.0,[1931.3435],,success
DSS,twvrp_100_single_depot__7,100,TWCVRP,single_depot,multi_vehicle,1,1961.6372,573.234,1961.637,10.011,1.0,0.0,0,1.0,0.04,1.0,[1961.6372],,success
DSS,twvrp_100_single_depot__7,100,TWCVRP,single_depot,multi_vehicle,2,1968.1167,573.234,1968.117,10.011,1.0,0.0,0,1.0,0.04,1.0,[1968.1167],,success
DSS,twvrp_100_single_depot__7,100,TWCVRP,single_depot,multi_vehicle,3,1787.9262,573.234,1787.926,10.011,1.0,0.0,0,1.0,0.04,1.0,[1787.9262],,success
DSS,twvrp_100_single_depot__7,100,TWCVRP,single_depot,multi_vehicle,4,1954.5568,573.234,1954.557,10.011,1.0,0.0,0,1.0,0.04,1.0,[1954.5568],,success
or-tools,twvrp_100_single_depot__7,100,TWCVRP,single_depot,multi_vehicle,0,984.0373,296.9212,984.037,1.0584,1.0,46.535,47,0.53,1.0,1.0,[984.0373],,success
or-tools,twvrp_100_single_depot__7,100,TWCVRP,single_depot,multi_vehicle,1,965.1608,296.9212,965.161,1.0584,1.0,44.554,45,0.55,1.0,1.0,[965.1608],,success
or-tools,twvrp_100_single_depot__7,100,TWCVRP,single_depot,multi_vehicle,2,985.4001,296.9212,985.4,1.0584,1.0,42.574,43,0.57,1.0,1.0,[985.4001],,success
or-tools,twvrp_100_single_depot__7,100,TWCVRP,single_depot,multi_vehicle,3,1020.3992,296.9212,1020.399,1.0584,1.0,43.564,44,0.56,1.0,1.0,[1020.3992],,success
or-tools,twvrp_100_single_depot__7,100,TWCVRP,single_depot,multi_vehicle,4,986.5093,296.9212,986.509,1.0584,1.0,43.564,44,0.56,1.0,1.0,[986.5093],,success
nn2opt,twvrp_100_single_depot__7,100,TWCVRP,single_depot,multi_vehicle,0,1101.4544,338.5314,1101.454,0.0325,1.0,37.624,38,0.62,1.0,1.0,[1101.4544],,success
nn2opt,twvrp_100_single_depot__7,100,TWCVRP,single_depot,multi_vehicle,1,1152.4185,338.5314,1152.419,0.0325,1.0,47.525,48,0.52,1.0,1.0,[1152.4185],,success
nn2opt,twvrp_100_single_depot__7,100,TWCVRP,single_depot,multi_vehicle,2,1183.6004,338.5314,1183.6,0.0325,1.0,40.594,41,0.59,1.0,1.0,[1183.6004],,success
nn2opt,twvrp_100_single_depot__7,100,TWCVRP,single_depot,multi_vehicle,3,1125.5053,338.5314,1125.505,0.0325,1.0,37.624,38,0.62,1.0,1.0,[1125.5053],,success
nn2opt,twvrp_100_single_depot__7,100,TWCVRP,single_depot,multi_vehicle,4,1114.8484,338.5314,1114.848,0.0325,1.0,40.594,41,0.59,1.0,1.0,[1114.8484],,success
DSS,twvrp_100_single_depot__8,100,TWCVRP,single_depot,multi_vehicle,0,2026.0593,569.901,2026.059,10.0106,1.0,0.0,0,1.0,0.04,1.0,[2026.0593],,success
DSS,twvrp_100_single_depot__8,100,TWCVRP,single_depot,multi_vehicle,1,1834.0382,569.901,1834.038,10.0106,1.0,0.0,0,1.0,0.04,1.0,[1834.0382],,success
DSS,twvrp_100_single_depot__8,100,TWCVRP,single_depot,multi_vehicle,2,1934.1771,569.901,1934.177,10.0106,1.0,0.0,0,1.0,0.04,1.0,[1934.1771],,success
DSS,twvrp_100_single_depot__8,100,TWCVRP,single_depot,multi_vehicle,3,1918.9968,569.901,1918.997,10.0106,1.0,0.0,0,1.0,0.04,1.0,[1918.9968],,success
DSS,twvrp_100_single_depot__8,100,TWCVRP,single_depot,multi_vehicle,4,1841.9043,569.901,1841.904,10.0106,1.0,0.0,0,1.0,0.04,1.0,[1841.9043],,success
or-tools,twvrp_100_single_depot__8,100,TWCVRP,single_depot,multi_vehicle,0,1022.1683,296.9212,1022.168,1.0576,1.0,40.594,41,0.59,1.0,1.0,[1022.1683],,success
or-tools,twvrp_100_single_depot__8,100,TWCVRP,single_depot,multi_vehicle,1,965.2161,296.9212,965.216,1.0576,1.0,43.564,44,0.56,1.0,1.0,[965.2161],,success
or-tools,twvrp_100_single_depot__8,100,TWCVRP,single_depot,multi_vehicle,2,996.7088,296.9212,996.709,1.0576,1.0,44.554,45,0.55,1.0,1.0,[996.7088],,success
or-tools,twvrp_100_single_depot__8,100,TWCVRP,single_depot,multi_vehicle,3,1055.4477,296.9212,1055.448,1.0576,1.0,46.535,47,0.53,1.0,1.0,[1055.4477],,success
or-tools,twvrp_100_single_depot__8,100,TWCVRP,single_depot,multi_vehicle,4,968.4229,296.9212,968.423,1.0576,1.0,39.604,40,0.6,1.0,1.0,[968.4229],,success
nn2opt,twvrp_100_single_depot__8,100,TWCVRP,single_depot,multi_vehicle,0,1139.1475,338.5314,1139.148,0.0328,1.0,38.614,39,0.61,1.0,1.0,[1139.1475],,success
nn2opt,twvrp_100_single_depot__8,100,TWCVRP,single_depot,multi_vehicle,1,1154.0958,338.5314,1154.096,0.0328,1.0,40.594,41,0.59,1.0,1.0,[1154.0958],,success
nn2opt,twvrp_100_single_depot__8,100,TWCVRP,single_depot,multi_vehicle,2,1062.467,338.5314,1062.467,0.0328,1.0,36.634,37,0.63,1.0,1.0,[1062.467],,success
nn2opt,twvrp_100_single_depot__8,100,TWCVRP,single_depot,multi_vehicle,3,1228.831,338.5314,1228.831,0.0328,1.0,35.644,36,0.64,1.0,1.0,[1228.831],,success
nn2opt,twvrp_100_single_depot__8,100,TWCVRP,single_depot,multi_vehicle,4,1165.2139,338.5314,1165.214,0.0328,1.0,46.535,47,0.53,1.0,1.0,[1165.2139],,success
DSS,twvrp_100_single_depot__9,100,TWCVRP,single_depot,multi_vehicle,0,1987.3328,573.3892,1987.333,10.0102,1.0,0.0,0,1.0,0.04,1.0,[1987.3328],,success
DSS,twvrp_100_single_depot__9,100,TWCVRP,single_depot,multi_vehicle,1,1874.6167,573.3892,1874.617,10.0102,1.0,0.0,0,1.0,0.04,1.0,[1874.6167],,success
DSS,twvrp_100_single_depot__9,100,TWCVRP,single_depot,multi_vehicle,2,1909.899,573.3892,1909.899,10.0102,1.0,0.0,0,1.0,0.04,1.0,[1909.899],,success
DSS,twvrp_100_single_depot__9,100,TWCVRP,single_depot,multi_vehicle,3,1916.6889,573.3892,1916.689,10.0102,1.0,0.0,0,1.0,0.04,1.0,[1916.6889],,success
DSS,twvrp_100_single_depot__9,100,TWCVRP,single_depot,multi_vehicle,4,1916.6114,573.3892,1916.611,10.0102,1.0,0.0,0,1.0,0.04,1.0,[1916.6114],,success
or-tools,twvrp_100_single_depot__9,100,TWCVRP,single_depot,multi_vehicle,0,1016.2463,296.9212,1016.246,1.0576,1.0,44.554,45,0.55,1.0,1.0,[1016.2463],,success
or-tools,twvrp_100_single_depot__9,100,TWCVRP,single_depot,multi_vehicle,1,954.8872,296.9212,954.887,1.0576,1.0,38.614,39,0.61,1.0,1.0,[954.8872],,success
or-tools,twvrp_100_single_depot__9,100,TWCVRP,single_depot,multi_vehicle,2,983.8837,296.9212,983.884,1.0576,1.0,40.594,41,0.59,1.0,1.0,[983.8837],,success
or-tools,twvrp_100_single_depot__9,100,TWCVRP,single_depot,multi_vehicle,3,972.9625,296.9212,972.962,1.0576,1.0,41.584,42,0.58,1.0,1.0,[972.9625],,success
or-tools,twvrp_100_single_depot__9,100,TWCVRP,single_depot,multi_vehicle,4,984.1591,296.9212,984.159,1.0576,1.0,43.564,44,0.56,1.0,1.0,[984.1591],,success
nn2opt,twvrp_100_single_depot__9,100,TWCVRP,single_depot,multi_vehicle,0,1188.9418,338.5314,1188.942,0.0322,1.0,46.535,47,0.53,1.0,1.0,[1188.9418],,success
nn2opt,twvrp_100_single_depot__9,100,TWCVRP,single_depot,multi_vehicle,1,1082.5895,338.5314,1082.59,0.0322,1.0,39.604,40,0.6,1.0,1.0,[1082.5895],,success
nn2opt,twvrp_100_single_depot__9,100,TWCVRP,single_depot,multi_vehicle,2,1076.7029,338.5314,1076.703,0.0322,1.0,39.604,40,0.6,1.0,1.0,[1076.7029],,success
nn2opt,twvrp_100_single_depot__9,100,TWCVRP,single_depot,multi_vehicle,3,1096.5425,338.5314,1096.542,0.0322,1.0,39.604,40,0.6,1.0,1.0,[1096.5425],,success
nn2opt,twvrp_100_single_depot__9,100,TWCVRP,single_depot,multi_vehicle,4,1105.6364,338.5314,1105.636,0.0322,1.0,37.624,38,0.62,1.0,1.0,[1105.6364],,success
DSS,twvrp_200_single_depot__0,200,TWCVRP,single_depot,multi_vehicle,0,3583.3642,1075.8387,3583.364,10.0305,1.0,0.0,0,1.0,0.025,1.0,[3583.3642],,success
DSS,twvrp_200_single_depot__0,200,TWCVRP,single_depot,multi_vehicle,1,3545.4379,1075.8387,3545.438,10.0305,1.0,0.0,0,1.0,0.025,1.0,[3545.4379],,success
DSS,twvrp_200_single_depot__0,200,TWCVRP,single_depot,multi_vehicle,2,3761.9862,1075.8387,3761.986,10.0305,1.0,0.0,0,1.0,0.025,1.0,[3761.9862],,success
DSS,twvrp_200_single_depot__0,200,TWCVRP,single_depot,multi_vehicle,3,3489.3453,1075.8387,3489.345,10.0305,1.0,0.0,0,1.0,0.025,1.0,[3489.3453],,success
DSS,twvrp_200_single_depot__0,200,TWCVRP,single_depot,multi_vehicle,4,3685.3977,1075.8387,3685.398,10.0305,1.0,0.0,0,1.0,0.025,1.0,[3685.3977],,success
or-tools,twvrp_200_single_depot__0,200,TWCVRP,single_depot,multi_vehicle,0,1468.2167,439.5456,1468.217,1.2249,1.0,57.214,115,0.425,1.0,1.0,[1468.2167],,success
or-tools,twvrp_200_single_depot__0,200,TWCVRP,single_depot,multi_vehicle,1,1468.4475,439.5456,1468.447,1.2249,1.0,62.189,125,0.375,1.0,1.0,[1468.4475],,success
or-tools,twvrp_200_single_depot__0,200,TWCVRP,single_depot,multi_vehicle,2,1416.6487,439.5456,1416.649,1.2249,1.0,58.706,118,0.41,1.0,1.0,[1416.6487],,success
or-tools,twvrp_200_single_depot__0,200,TWCVRP,single_depot,multi_vehicle,3,1448.8661,439.5456,1448.866,1.2249,1.0,62.687,126,0.37,1.0,1.0,[1448.8661],,success
or-tools,twvrp_200_single_depot__0,200,TWCVRP,single_depot,multi_vehicle,4,1426.0741,439.5456,1426.074,1.2249,1.0,60.697,122,0.39,1.0,1.0,[1426.0741],,success
nn2opt,twvrp_200_single_depot__0,200,TWCVRP,single_depot,multi_vehicle,0,1799.6388,517.3364,1799.639,0.1289,1.0,60.199,121,0.395,1.0,1.0,[1799.6388],,success
nn2opt,twvrp_200_single_depot__0,200,TWCVRP,single_depot,multi_vehicle,1,1716.6786,517.3364,1716.679,0.1289,1.0,59.204,119,0.405,1.0,1.0,[1716.6786],,success
nn2opt,twvrp_200_single_depot__0,200,TWCVRP,single_depot,multi_vehicle,2,1619.053,517.3364,1619.053,0.1289,1.0,58.706,118,0.41,1.0,1.0,[1619.053],,success
nn2opt,twvrp_200_single_depot__0,200,TWCVRP,single_depot,multi_vehicle,3,1708.7843,517.3364,1708.784,0.1289,1.0,59.204,119,0.405,1.0,1.0,[1708.7843],,success
nn2opt,twvrp_200_single_depot__0,200,TWCVRP,single_depot,multi_vehicle,4,1864.6718,517.3364,1864.672,0.1289,1.0,60.199,121,0.395,1.0,1.0,[1864.6718],,success
DSS,twvrp_200_single_depot__1,200,TWCVRP,single_depot,multi_vehicle,0,4095.03,1232.2461,4095.03,10.0295,1.0,0.0,0,1.0,0.02,1.0,[4095.03],,success
DSS,twvrp_200_single_depot__1,200,TWCVRP,single_depot,multi_vehicle,1,4063.8565,1232.2461,4063.857,10.0295,1.0,0.0,0,1.0,0.02,1.0,[4063.8565],,success
DSS,twvrp_200_single_depot__1,200,TWCVRP,single_depot,multi_vehicle,2,4110.5987,1232.2461,4110.599,10.0295,1.0,0.0,0,1.0,0.02,1.0,[4110.5987],,success
DSS,twvrp_200_single_depot__1,200,TWCVRP,single_depot,multi_vehicle,3,4397.4432,1232.2461,4397.443,10.0295,1.0,0.0,0,1.0,0.02,1.0,[4397.4432],,success
DSS,twvrp_200_single_depot__1,200,TWCVRP,single_depot,multi_vehicle,4,4178.0165,1232.2461,4178.016,10.0295,1.0,0.0,0,1.0,0.02,1.0,[4178.0165],,success
or-tools,twvrp_200_single_depot__1,200,TWCVRP,single_depot,multi_vehicle,0,1505.5772,439.5456,1505.577,1.2283,1.0,66.169,133,0.335,1.0,1.0,[1505.5772],,success
or-tools,twvrp_200_single_depot__1,200,TWCVRP,single_depot,multi_vehicle,1,1499.9316,439.5456,1499.932,1.2283,1.0,66.169,133,0.335,1.0,1.0,[1499.9316],,success
or-tools,twvrp_200_single_depot__1,200,TWCVRP,single_depot,multi_vehicle,2,1435.8952,439.5456,1435.895,1.2283,1.0,62.189,125,0.375,1.0,1.0,[1435.8952],,success
or-tools,twvrp_200_single_depot__1,200,TWCVRP,single_depot,multi_vehicle,3,1450.3803,439.5456,1450.38,1.2283,1.0,62.189,125,0.375,1.0,1.0,[1450.3803],,success
or-tools,twvrp_200_single_depot__1,200,TWCVRP,single_depot,multi_vehicle,4,1519.7441,439.5456,1519.744,1.2283,1.0,62.189,125,0.375,1.0,1.0,[1519.7441],,success
nn2opt,twvrp_200_single_depot__1,200,TWCVRP,single_depot,multi_vehicle,0,1841.2298,517.3364,1841.23,0.1375,1.0,60.199,121,0.395,1.0,1.0,[1841.2298],,success
nn2opt,twvrp_200_single_depot__1,200,TWCVRP,single_depot,multi_vehicle,1,1776.8311,517.3364,1776.831,0.1375,1.0,60.697,122,0.39,1.0,1.0,[1776.8311],,success
nn2opt,twvrp_200_single_depot__1,200,TWCVRP,single_depot,multi_vehicle,2,1708.5841,517.3364,1708.584,0.1375,1.0,59.204,119,0.405,1.0,1.0,[1708.5841],,success
nn2opt,twvrp_200_single_depot__1,200,TWCVRP,single_depot,multi_vehicle,3,1790.0646,517.3364,1790.065,0.1375,1.0,60.199,121,0.395,1.0,1.0,[1790.0646],,success
nn2opt,twvrp_200_single_depot__1,200,TWCVRP,single_depot,multi_vehicle,4,1801.3472,517.3364,1801.347,0.1375,1.0,62.687,126,0.37,1.0,1.0,[1801.3472],,success
DSS,twvrp_200_single_depot__2,200,TWCVRP,single_depot,multi_vehicle,0,3960.6822,1232.2461,3960.682,10.0309,1.0,0.0,0,1.0,0.02,1.0,[3960.6822],,success
DSS,twvrp_200_single_depot__2,200,TWCVRP,single_depot,multi_vehicle,1,4262.6417,1232.2461,4262.642,10.0309,1.0,0.0,0,1.0,0.02,1.0,[4262.6417],,success
DSS,twvrp_200_single_depot__2,200,TWCVRP,single_depot,multi_vehicle,2,4269.1541,1232.2461,4269.154,10.0309,1.0,0.0,0,1.0,0.02,1.0,[4269.1541],,success
DSS,twvrp_200_single_depot__2,200,TWCVRP,single_depot,multi_vehicle,3,4026.2808,1232.2461,4026.281,10.0309,1.0,0.0,0,1.0,0.02,1.0,[4026.2808],,success
DSS,twvrp_200_single_depot__2,200,TWCVRP,single_depot,multi_vehicle,4,4215.0067,1232.2461,4215.007,10.0309,1.0,0.0,0,1.0,0.02,1.0,[4215.0067],,success
or-tools,twvrp_200_single_depot__2,200,TWCVRP,single_depot,multi_vehicle,0,1517.6526,439.5456,1517.653,1.2276,1.0,66.169,133,0.335,1.0,1.0,[1517.6526],,success
or-tools,twvrp_200_single_depot__2,200,TWCVRP,single_depot,multi_vehicle,1,1552.7607,439.5456,1552.761,1.2276,1.0,67.662,136,0.32,1.0,1.0,[1552.7607],,success
or-tools,twvrp_200_single_depot__2,200,TWCVRP,single_depot,multi_vehicle,2,1440.4927,439.5456,1440.493,1.2276,1.0,60.199,121,0.395,1.0,1.0,[1440.4927],,success
or-tools,twvrp_200_single_depot__2,200,TWCVRP,single_depot,multi_vehicle,3,1385.1721,439.5456,1385.172,1.2276,1.0,59.701,120,0.4,1.0,1.0,[1385.1721],,success
or-tools,twvrp_200_single_depot__2,200,TWCVRP,single_depot,multi_vehicle,4,1445.3716,439.5456,1445.372,1.2276,1.0,60.697,122,0.39,1.0,1.0,[1445.3716],,success
nn2opt,twvrp_200_single_depot__2,200,TWCVRP,single_depot,multi_vehicle,0,1665.469,517.3364,1665.469,0.1303,1.0,60.199,121,0.395,1.0,1.0,[1665.469],,success
nn2opt,twvrp_200_single_depot__2,200,TWCVRP,single_depot,multi_vehicle,1,1842.1077,517.3364,1842.108,0.1303,1.0,62.687,126,0.37,1.0,1.0,[1842.1077],,success
nn2opt,twvrp_200_single_depot__2,200,TWCVRP,single_depot,multi_vehicle,2,1795.8099,517.3364,1795.81,0.1303,1.0,60.697,122,0.39,1.0,1.0,[1795.8099],,success
nn2opt,twvrp_200_single_depot__2,200,TWCVRP,single_depot,multi_vehicle,3,1663.0479,517.3364,1663.048,0.1303,1.0,58.706,118,0.41,1.0,1.0,[1663.0479],,success
nn2opt,twvrp_200_single_depot__2,200,TWCVRP,single_depot,multi_vehicle,4,1716.584,517.3364,1716.584,0.1303,1.0,63.184,127,0.365,1.0,1.0,[1716.584],,success
DSS,twvrp_200_single_depot__3,200,TWCVRP,single_depot,multi_vehicle,0,4133.6672,1232.2461,4133.667,10.0404,1.0,0.0,0,1.0,0.02,1.0,[4133.6672],,success
DSS,twvrp_200_single_depot__3,200,TWCVRP,single_depot,multi_vehicle,1,4143.2887,1232.2461,4143.289,10.0404,1.0,0.0,0,1.0,0.02,1.0,[4143.2887],,success
DSS,twvrp_200_single_depot__3,200,TWCVRP,single_depot,multi_vehicle,2,4048.8301,1232.2461,4048.83,10.0404,1.0,0.0,0,1.0,0.02,1.0,[4048.8301],,success
DSS,twvrp_200_single_depot__3,200,TWCVRP,single_depot,multi_vehicle,3,3884.3103,1232.2461,3884.31,10.0404,1.0,0.0,0,1.0,0.02,1.0,[3884.3103],,success
DSS,twvrp_200_single_depot__3,200,TWCVRP,single_depot,multi_vehicle,4,4428.2887,1232.2461,4428.289,10.0404,1.0,0.0,0,1.0,0.02,1.0,[4428.2887],,success
or-tools,twvrp_200_single_depot__3,200,TWCVRP,single_depot,multi_vehicle,0,1489.998,439.5456,1489.998,1.2256,1.0,62.189,125,0.375,1.0,1.0,[1489.998],,success
or-tools,twvrp_200_single_depot__3,200,TWCVRP,single_depot,multi_vehicle,1,1468.4703,439.5456,1468.47,1.2256,1.0,62.687,126,0.37,1.0,1.0,[1468.4703],,success
or-tools,twvrp_200_single_depot__3,200,TWCVRP,single_depot,multi_vehicle,2,1482.0976,439.5456,1482.098,1.2256,1.0,65.672,132,0.34,1.0,1.0,[1482.0976],,success
or-tools,twvrp_200_single_depot__3,200,TWCVRP,single_depot,multi_vehicle,3,1450.7741,439.5456,1450.774,1.2256,1.0,63.184,127,0.365,1.0,1.0,[1450.7741],,success
or-tools,twvrp_200_single_depot__3,200,TWCVRP,single_depot,multi_vehicle,4,1476.812,439.5456,1476.812,1.2256,1.0,65.672,132,0.34,1.0,1.0,[1476.812],,success
nn2opt,twvrp_200_single_depot__3,200,TWCVRP,single_depot,multi_vehicle,0,1756.5556,517.3364,1756.556,0.1286,1.0,60.199,121,0.395,1.0,1.0,[1756.5556],,success
nn2opt,twvrp_200_single_depot__3,200,TWCVRP,single_depot,multi_vehicle,1,1686.132,517.3364,1686.132,0.1286,1.0,59.204,119,0.405,1.0,1.0,[1686.132],,success
nn2opt,twvrp_200_single_depot__3,200,TWCVRP,single_depot,multi_vehicle,2,1743.3842,517.3364,1743.384,0.1286,1.0,60.199,121,0.395,1.0,1.0,[1743.3842],,success
nn2opt,twvrp_200_single_depot__3,200,TWCVRP,single_depot,multi_vehicle,3,1723.9769,517.3364,1723.977,0.1286,1.0,59.701,120,0.4,1.0,1.0,[1723.9769],,success
nn2opt,twvrp_200_single_depot__3,200,TWCVRP,single_depot,multi_vehicle,4,1706.9657,517.3364,1706.966,0.1286,1.0,60.199,121,0.395,1.0,1.0,[1706.9657],,success
DSS,twvrp_200_single_depot__4,200,TWCVRP,single_depot,multi_vehicle,0,4167.5328,1232.2461,4167.533,10.0347,1.0,0.0,0,1.0,0.02,1.0,[4167.5328],,success
DSS,twvrp_200_single_depot__4,200,TWCVRP,single_depot,multi_vehicle,1,4225.1443,1232.2461,4225.144,10.0347,1.0,0.0,0,1.0,0.02,1.0,[4225.1443],,success
DSS,twvrp_200_single_depot__4,200,TWCVRP,single_depot,multi_vehicle,2,4207.8265,1232.2461,4207.827,10.0347,1.0,0.0,0,1.0,0.02,1.0,[4207.8265],,success
DSS,twvrp_200_single_depot__4,200,TWCVRP,single_depot,multi_vehicle,3,3909.1328,1232.2461,3909.133,10.0347,1.0,0.0,0,1.0,0.02,1.0,[3909.1328],,success
DSS,twvrp_200_single_depot__4,200,TWCVRP,single_depot,multi_vehicle,4,4167.0131,1232.2461,4167.013,10.0347,1.0,0.0,0,1.0,0.02,1.0,[4167.0131],,success
or-tools,twvrp_200_single_depot__4,200,TWCVRP,single_depot,multi_vehicle,0,1486.2761,439.5456,1486.276,1.2222,1.0,66.667,134,0.33,1.0,1.0,[1486.2761],,success
or-tools,twvrp_200_single_depot__4,200,TWCVRP,single_depot,multi_vehicle,1,1450.3376,439.5456,1450.338,1.2222,1.0,63.184,127,0.365,1.0,1.0,[1450.3376],,success
or-tools,twvrp_200_single_depot__4,200,TWCVRP,single_depot,multi_vehicle,2,1530.9758,439.5456,1530.976,1.2222,1.0,65.174,131,0.345,1.0,1.0,[1530.9758],,success
or-tools,twvrp_200_single_depot__4,200,TWCVRP,single_depot,multi_vehicle,3,1478.9737,439.5456,1478.974,1.2222,1.0,58.209,117,0.415,1.0,1.0,[1478.9737],,success
or-tools,twvrp_200_single_depot__4,200,TWCVRP,single_depot,multi_vehicle,4,1414.9891,439.5456,1414.989,1.2222,1.0,62.189,125,0.375,1.0,1.0,[1414.9891],,success
nn2opt,twvrp_200_single_depot__4,200,TWCVRP,single_depot,multi_vehicle,0,1702.5778,517.3364,1702.578,0.1284,1.0,60.697,122,0.39,1.0,1.0,[1702.5778],,success
nn2opt,twvrp_200_single_depot__4,200,TWCVRP,single_depot,multi_vehicle,1,1759.9654,517.3364,1759.965,0.1284,1.0,59.204,119,0.405,1.0,1.0,[1759.9654],,success
nn2opt,twvrp_200_single_depot__4,200,TWCVRP,single_depot,multi_vehicle,2,1744.8368,517.3364,1744.837,0.1284,1.0,60.697,122,0.39,1.0,1.0,[1744.8368],,success
nn2opt,twvrp_200_single_depot__4,200,TWCVRP,single_depot,multi_vehicle,3,1628.4296,517.3364,1628.43,0.1284,1.0,58.706,118,0.41,1.0,1.0,[1628.4296],,success
nn2opt,twvrp_200_single_depot__4,200,TWCVRP,single_depot,multi_vehicle,4,1649.7722,517.3364,1649.772,0.1284,1.0,60.199,121,0.395,1.0,1.0,[1649.7722],,success
DSS,twvrp_200_single_depot__5,200,TWCVRP,single_depot,multi_vehicle,0,3558.928,1053.7729,3558.928,10.0302,1.0,0.0,0,1.0,0.025,1.0,[3558.928],,success
DSS,twvrp_200_single_depot__5,200,TWCVRP,single_depot,multi_vehicle,1,3497.6147,1053.7729,3497.615,10.0302,1.0,0.0,0,1.0,0.025,1.0,[3497.6147],,success
DSS,twvrp_200_single_depot__5,200,TWCVRP,single_depot,multi_vehicle,2,3401.2028,1053.7729,3401.203,10.0302,1.0,0.0,0,1.0,0.025,1.0,[3401.2028],,success
DSS,twvrp_200_single_depot__5,200,TWCVRP,single_depot,multi_vehicle,3,3440.1469,1053.7729,3440.147,10.0302,1.0,0.0,0,1.0,0.025,1.0,[3440.1469],,success
DSS,twvrp_200_single_depot__5,200,TWCVRP,single_depot,multi_vehicle,4,3504.0992,1053.7729,3504.099,10.0302,1.0,0.0,0,1.0,0.025,1.0,[3504.0992],,success
or-tools,twvrp_200_single_depot__5,200,TWCVRP,single_depot,multi_vehicle,0,1540.7167,455.5129,1540.717,1.2232,1.0,59.701,120,0.4,1.0,1.0,[1540.7167],,success
or-tools,twvrp_200_single_depot__5,200,TWCVRP,single_depot,multi_vehicle,1,1511.8287,455.5129,1511.829,1.2232,1.0,58.209,117,0.415,1.0,1.0,[1511.8287],,success
or-tools,twvrp_200_single_depot__5,200,TWCVRP,single_depot,multi_vehicle,2,1535.3908,455.5129,1535.391,1.2232,1.0,60.199,121,0.395,1.0,1.0,[1535.3908],,success
or-tools,twvrp_200_single_depot__5,200,TWCVRP,single_depot,multi_vehicle,3,1493.3861,455.5129,1493.386,1.2232,1.0,54.726,110,0.45,1.0,1.0,[1493.3861],,success
or-tools,twvrp_200_single_depot__5,200,TWCVRP,single_depot,multi_vehicle,4,1557.3535,455.5129,1557.354,1.2232,1.0,59.701,120,0.4,1.0,1.0,[1557.3535],,success
nn2opt,twvrp_200_single_depot__5,200,TWCVRP,single_depot,multi_vehicle,0,1729.6687,532.2356,1729.669,0.1264,1.0,57.711,116,0.42,1.0,1.0,[1729.6687],,success
nn2opt,twvrp_200_single_depot__5,200,TWCVRP,single_depot,multi_vehicle,1,1709.1777,532.2356,1709.178,0.1264,1.0,56.716,114,0.43,1.0,1.0,[1709.1777],,success
nn2opt,twvrp_200_single_depot__5,200,TWCVRP,single_depot,multi_vehicle,2,1828.2066,532.2356,1828.207,0.1264,1.0,59.701,120,0.4,1.0,1.0,[1828.2066],,success
nn2opt,twvrp_200_single_depot__5,200,TWCVRP,single_depot,multi_vehicle,3,1865.4664,532.2356,1865.466,0.1264,1.0,60.199,121,0.395,1.0,1.0,[1865.4664],,success
nn2opt,twvrp_200_single_depot__5,200,TWCVRP,single_depot,multi_vehicle,4,1696.2151,532.2356,1696.215,0.1264,1.0,57.214,115,0.425,1.0,1.0,[1696.2151],,success
DSS,twvrp_200_single_depot__6,200,TWCVRP,single_depot,multi_vehicle,0,3947.5548,1222.4754,3947.555,10.0301,1.0,0.0,0,1.0,0.02,1.0,[3947.5548],,success
DSS,twvrp_200_single_depot__6,200,TWCVRP,single_depot,multi_vehicle,1,3837.393,1222.4754,3837.393,10.0301,1.0,0.0,0,1.0,0.02,1.0,[3837.393],,success
DSS,twvrp_200_single_depot__6,200,TWCVRP,single_depot,multi_vehicle,2,3883.8499,1222.4754,3883.85,10.0301,1.0,0.0,0,1.0,0.02,1.0,[3883.8499],,success
DSS,twvrp_200_single_depot__6,200,TWCVRP,single_depot,multi_vehicle,3,4067.6449,1222.4754,4067.645,10.0301,1.0,0.0,0,1.0,0.02,1.0,[4067.6449],,success
DSS,twvrp_200_single_depot__6,200,TWCVRP,single_depot,multi_vehicle,4,3906.0699,1222.4754,3906.07,10.0301,1.0,0.0,0,1.0,0.02,1.0,[3906.0699],,success
or-tools,twvrp_200_single_depot__6,200,TWCVRP,single_depot,multi_vehicle,0,1550.2661,455.5129,1550.266,1.2303,1.0,60.199,121,0.395,1.0,1.0,[1550.2661],,success
or-tools,twvrp_200_single_depot__6,200,TWCVRP,single_depot,multi_vehicle,1,1558.9735,455.5129,1558.973,1.2303,1.0,62.189,125,0.375,1.0,1.0,[1558.9735],,success
or-tools,twvrp_200_single_depot__6,200,TWCVRP,single_depot,multi_vehicle,2,1557.8147,455.5129,1557.815,1.2303,1.0,56.716,114,0.43,1.0,1.0,[1557.8147],,success
or-tools,twvrp_200_single_depot__6,200,TWCVRP,single_depot,multi_vehicle,3,1477.7078,455.5129,1477.708,1.2303,1.0,55.721,112,0.44,1.0,1.0,[1477.7078],,success
or-tools,twvrp_200_single_depot__6,200,TWCVRP,single_depot,multi_vehicle,4,1589.6513,455.5129,1589.651,1.2303,1.0,58.209,117,0.415,1.0,1.0,[1589.6513],,success
nn2opt,twvrp_200_single_depot__6,200,TWCVRP,single_depot,multi_vehicle,0,1660.5772,532.2356,1660.577,0.1276,1.0,58.209,117,0.415,1.0,1.0,[1660.5772],,success
nn2opt,twvrp_200_single_depot__6,200,TWCVRP,single_depot,multi_vehicle,1,1869.3923,532.2356,1869.392,0.1276,1.0,58.706,118,0.41,1.0,1.0,[1869.3923],,success
nn2opt,twvrp_200_single_depot__6,200,TWCVRP,single_depot,multi_vehicle,2,1748.2893,532.2356,1748.289,0.1276,1.0,56.716,114,0.43,1.0,1.0,[1748.2893],,success
nn2opt,twvrp_200_single_depot__6,200,TWCVRP,single_depot,multi_vehicle,3,1832.3666,532.2356,1832.367,0.1276,1.0,57.214,115,0.425,1.0,1.0,[1832.3666],,success
nn2opt,twvrp_200_single_depot__6,200,TWCVRP,single_depot,multi_vehicle,4,1746.0769,532.2356,1746.077,0.1276,1.0,59.204,119,0.405,1.0,1.0,[1746.0769],,success
DSS,twvrp_200_single_depot__7,200,TWCVRP,single_depot,multi_vehicle,0,3629.1581,1046.6098,3629.158,10.0299,1.0,0.0,0,1.0,0.025,1.0,[3629.1581],,success
DSS,twvrp_200_single_depot__7,200,TWCVRP,single_depot,multi_vehicle,1,3582.6359,1046.6098,3582.636,10.0299,1.0,0.0,0,1.0,0.025,1.0,[3582.6359],,success
DSS,twvrp_200_single_depot__7,200,TWCVRP,single_depot,multi_vehicle,2,3331.9006,1046.6098,3331.901,10.0299,1.0,0.0,0,1.0,0.025,1.0,[3331.9006],,success
DSS,twvrp_200_single_depot__7,200,TWCVRP,single_depot,multi_vehicle,3,3424.1731,1046.6098,3424.173,10.0299,1.0,0.0,0,1.0,0.025,1.0,[3424.1731],,success
DSS,twvrp_200_single_depot__7,200,TWCVRP,single_depot,multi_vehicle,4,3318.1229,1046.6098,3318.123,10.0299,1.0,0.0,0,1.0,0.025,1.0,[3318.1229],,success
or-tools,twvrp_200_single_depot__7,200,TWCVRP,single_depot,multi_vehicle,0,1547.5464,455.5129,1547.546,1.2261,1.0,64.677,130,0.35,1.0,1.0,[1547.5464],,success
or-tools,twvrp_200_single_depot__7,200,TWCVRP,single_depot,multi_vehicle,1,1554.1423,455.5129,1554.142,1.2261,1.0,62.687,126,0.37,1.0,1.0,[1554.1423],,success
or-tools,twvrp_200_single_depot__7,200,TWCVRP,single_depot,multi_vehicle,2,1533.7823,455.5129,1533.782,1.2261,1.0,56.716,114,0.43,1.0,1.0,[1533.7823],,success
or-tools,twvrp_200_single_depot__7,200,TWCVRP,single_depot,multi_vehicle,3,1457.3478,455.5129,1457.348,1.2261,1.0,55.721,112,0.44,1.0,1.0,[1457.3478],,success
or-tools,twvrp_200_single_depot__7,200,TWCVRP,single_depot,multi_vehicle,4,1616.7377,455.5129,1616.738,1.2261,1.0,59.701,120,0.4,1.0,1.0,[1616.7377],,success
nn2opt,twvrp_200_single_depot__7,200,TWCVRP,single_depot,multi_vehicle,0,1829.264,532.2356,1829.264,0.1283,1.0,60.199,121,0.395,1.0,1.0,[1829.264],,success
nn2opt,twvrp_200_single_depot__7,200,TWCVRP,single_depot,multi_vehicle,1,1784.2253,532.2356,1784.225,0.1283,1.0,56.716,114,0.43,1.0,1.0,[1784.2253],,success
nn2opt,twvrp_200_single_depot__7,200,TWCVRP,single_depot,multi_vehicle,2,1748.8371,532.2356,1748.837,0.1283,1.0,59.204,119,0.405,1.0,1.0,[1748.8371],,success
nn2opt,twvrp_200_single_depot__7,200,TWCVRP,single_depot,multi_vehicle,3,1724.4741,532.2356,1724.474,0.1283,1.0,57.711,116,0.42,1.0,1.0,[1724.4741],,success
nn2opt,twvrp_200_single_depot__7,200,TWCVRP,single_depot,multi_vehicle,4,1787.2657,532.2356,1787.266,0.1283,1.0,62.189,125,0.375,1.0,1.0,[1787.2657],,success
DSS,twvrp_200_single_depot__8,200,TWCVRP,single_depot,multi_vehicle,0,4378.0046,1222.4754,4378.005,10.0299,1.0,0.0,0,1.0,0.02,1.0,[4378.0046],,success
DSS,twvrp_200_single_depot__8,200,TWCVRP,single_depot,multi_vehicle,1,3958.7732,1222.4754,3958.773,10.0299,1.0,0.0,0,1.0,0.02,1.0,[3958.7732],,success
DSS,twvrp_200_single_depot__8,200,TWCVRP,single_depot,multi_vehicle,2,4206.8829,1222.4754,4206.883,10.0299,1.0,0.0,0,1.0,0.02,1.0,[4206.8829],,success
DSS,twvrp_200_single_depot__8,200,TWCVRP,single_depot,multi_vehicle,3,4274.2632,1222.4754,4274.263,10.0299,1.0,0.0,0,1.0,0.02,1.0,[4274.2632],,success
DSS,twvrp_200_single_depot__8,200,TWCVRP,single_depot,multi_vehicle,4,4152.6634,1222.4754,4152.663,10.0299,1.0,0.0,0,1.0,0.02,1.0,[4152.6634],,success
or-tools,twvrp_200_single_depot__8,200,TWCVRP,single_depot,multi_vehicle,0,1566.9072,455.5129,1566.907,1.2237,1.0,59.701,120,0.4,1.0,1.0,[1566.9072],,success
or-tools,twvrp_200_single_depot__8,200,TWCVRP,single_depot,multi_vehicle,1,1432.319,455.5129,1432.319,1.2237,1.0,56.716,114,0.43,1.0,1.0,[1432.319],,success
or-tools,twvrp_200_single_depot__8,200,TWCVRP,single_depot,multi_vehicle,2,1569.1078,455.5129,1569.108,1.2237,1.0,55.224,111,0.445,1.0,1.0,[1569.1078],,success
or-tools,twvrp_200_single_depot__8,200,TWCVRP,single_depot,multi_vehicle,3,1569.5084,455.5129,1569.508,1.2237,1.0,62.687,126,0.37,1.0,1.0,[1569.5084],,success
or-tools,twvrp_200_single_depot__8,200,TWCVRP,single_depot,multi_vehicle,4,1438.2141,455.5129,1438.214,1.2237,1.0,54.726,110,0.45,1.0,1.0,[1438.2141],,success
nn2opt,twvrp_200_single_depot__8,200,TWCVRP,single_depot,multi_vehicle,0,1764.8988,532.2356,1764.899,0.128,1.0,57.214,115,0.425,1.0,1.0,[1764.8988],,success
nn2opt,twvrp_200_single_depot__8,200,TWCVRP,single_depot,multi_vehicle,1,1775.4776,532.2356,1775.478,0.128,1.0,58.706,118,0.41,1.0,1.0,[1775.4776],,success
nn2opt,twvrp_200_single_depot__8,200,TWCVRP,single_depot,multi_vehicle,2,1778.0269,532.2356,1778.027,0.128,1.0,58.209,117,0.415,1.0,1.0,[1778.0269],,success
nn2opt,twvrp_200_single_depot__8,200,TWCVRP,single_depot,multi_vehicle,3,1795.4509,532.2356,1795.451,0.128,1.0,59.204,119,0.405,1.0,1.0,[1795.4509],,success
nn2opt,twvrp_200_single_depot__8,200,TWCVRP,single_depot,multi_vehicle,4,1705.1813,532.2356,1705.181,0.128,1.0,57.711,116,0.42,1.0,1.0,[1705.1813],,success
DSS,twvrp_200_single_depot__9,200,TWCVRP,single_depot,multi_vehicle,0,4173.3065,1222.4754,4173.306,10.029,1.0,0.0,0,1.0,0.02,1.0,[4173.3065],,success
DSS,twvrp_200_single_depot__9,200,TWCVRP,single_depot,multi_vehicle,1,3871.1125,1222.4754,3871.112,10.029,1.0,0.0,0,1.0,0.02,1.0,[3871.1125],,success
DSS,twvrp_200_single_depot__9,200,TWCVRP,single_depot,multi_vehicle,2,4168.2399,1222.4754,4168.24,10.029,1.0,0.0,0,1.0,0.02,1.0,[4168.2399],,success
DSS,twvrp_200_single_depot__9,200,TWCVRP,single_depot,multi_vehicle,3,4189.4126,1222.4754,4189.413,10.029,1.0,0.0,0,1.0,0.02,1.0,[4189.4126],,success
DSS,twvrp_200_single_depot__9,200,TWCVRP,single_depot,multi_vehicle,4,4142.2046,1222.4754,4142.205,10.029,1.0,0.0,0,1.0,0.02,1.0,[4142.2046],,success
or-tools,twvrp_200_single_depot__9,200,TWCVRP,single_depot,multi_vehicle,0,1611.1274,455.5129,1611.127,1.2219,1.0,63.184,127,0.365,1.0,1.0,[1611.1274],,success
or-tools,twvrp_200_single_depot__9,200,TWCVRP,single_depot,multi_vehicle,1,1501.3471,455.5129,1501.347,1.2219,1.0,58.209,117,0.415,1.0,1.0,[1501.3471],,success
or-tools,twvrp_200_single_depot__9,200,TWCVRP,single_depot,multi_vehicle,2,1406.1246,455.5129,1406.125,1.2219,1.0,56.716,114,0.43,1.0,1.0,[1406.1246],,success
or-tools,twvrp_200_single_depot__9,200,TWCVRP,single_depot,multi_vehicle,3,1411.1622,455.5129,1411.162,1.2219,1.0,53.234,107,0.465,1.0,1.0,[1411.1622],,success
or-tools,twvrp_200_single_depot__9,200,TWCVRP,single_depot,multi_vehicle,4,1512.8088,455.5129,1512.809,1.2219,1.0,59.701,120,0.4,1.0,1.0,[1512.8088],,success
nn2opt,twvrp_200_single_depot__9,200,TWCVRP,single_depot,multi_vehicle,0,1790.3952,532.2356,1790.395,0.1288,1.0,59.204,119,0.405,1.0,1.0,[1790.3952],,success
nn2opt,twvrp_200_single_depot__9,200,TWCVRP,single_depot,multi_vehicle,1,1778.7588,532.2356,1778.759,0.1288,1.0,61.194,123,0.385,1.0,1.0,[1778.7588],,success
nn2opt,twvrp_200_single_depot__9,200,TWCVRP,single_depot,multi_vehicle,2,1834.074,532.2356,1834.074,0.1288,1.0,57.711,116,0.42,1.0,1.0,[1834.074],,success
nn2opt,twvrp_200_single_depot__9,200,TWCVRP,single_depot,multi_vehicle,3,1759.5371,532.2356,1759.537,0.1288,1.0,58.209,117,0.415,1.0,1.0,[1759.5371],,success
nn2opt,twvrp_200_single_depot__9,200,TWCVRP,single_depot,multi_vehicle,4,1760.604,532.2356,1760.604,0.1288,1.0,56.716,114,0.43,1.0,1.0,[1760.604],,success
